table_catalog	table_schema	table_name	table_type	created	last_altered
simo_prod	dm	account_first_parent_account	MANAGED	2026-01-14T07:53:17.573Z	2026-09-16T07:10:17.699Z
simo_prod	dm	account_hierarchy	MANAGED	2025-09-16T06:20:42.544Z	2026-09-16T08:02:19.288Z
simo_prod	dm	account_hierarchy_bak	MANAGED	2025-12-19T03:21:23.599Z	2026-09-16T08:02:22.991Z
simo_prod	dm	account_hierarchy_rank	MANAGED	2026-07-15T07:56:22.697Z	2026-09-16T08:05:09.779Z
simo_prod	dm	account_hierarchy_update_to_ck	MANAGED	2025-12-19T03:22:58.114Z	2026-09-16T08:02:21.719Z
simo_prod	dm	aiport_data_md5_info	MANAGED	2024-12-13T08:48:26.319Z	2026-08-04T08:38:13.212Z
simo_prod	dm	airport_cellid_10km	MANAGED	2024-12-13T09:20:17.452Z	2026-08-04T08:32:35.180Z
simo_prod	dm	airport_cellid_5km	MANAGED	2024-10-01T11:21:48.675Z	2026-09-01T12:25:38.817Z
simo_prod	dm	airport_srsim_avaliable_basic_data	MANAGED	2024-10-01T11:22:13.659Z	2026-09-01T12:25:48.877Z
simo_prod	dm	airport_srsim_avaliable_product_data	MANAGED	2024-10-01T11:22:23.504Z	2026-09-01T12:25:53.702Z
simo_prod	dm	airport_vsim_available_result	MANAGED	2024-10-29T06:29:24.347Z	2026-09-16T00:14:45.583Z
simo_prod	dm	alert_flux_threshold_config	MANAGED	2026-09-09T07:42:34.769Z	2026-09-09T08:30:33.750Z
simo_prod	dm	analysis_sc_online_from_simplestate	MANAGED	2024-09-23T11:11:30.923Z	2026-09-16T03:07:58.497Z
simo_prod	dm	analysis_sc_subscription_metrics	MANAGED	2024-09-23T11:11:25.976Z	2026-09-16T03:07:48.396Z
simo_prod	dm	apdu_log_data	MANAGED	2024-12-13T10:59:33.935Z	2026-08-04T08:37:54.843Z
simo_prod	dm	attribute_translation	MANAGED	2024-12-13T10:57:37.570Z	2026-08-04T08:35:56.729Z
simo_prod	dm	bakup_alarm_device_data_bak	MANAGED	2026-02-26T02:03:35.953Z	2026-07-24T14:21:58.059Z
simo_prod	dm	card_billing_report_detail_new02	MANAGED	2025-11-19T10:23:53.807Z	2026-09-15T11:32:25.367Z
simo_prod	dm	card_dispatch_history_country	MANAGED	2025-11-05T06:26:41.985Z	2026-09-16T08:02:42.412Z
simo_prod	dm	card_dispatch_history_country_with_carrier	MANAGED	2026-03-05T07:48:07.373Z	2026-09-16T08:02:47.134Z
simo_prod	dm	card_replacement_details	MANAGED	2024-12-13T09:52:23.951Z	2026-08-04T08:32:42.767Z
simo_prod	dm	cdr_daily_sn_usage	MANAGED	2024-11-28T06:39:13.827Z	2026-09-16T00:33:46.755Z
simo_prod	dm	cdr_device_asset_flow	MANAGED	2024-09-27T10:11:00.580Z	2026-09-16T00:41:55.605Z
simo_prod	dm	cdr_device_asset_imsi_cycle_flow	MANAGED	2025-11-21T06:28:27.237Z	2026-07-27T08:24:49.400Z
simo_prod	dm	cdr_device_imsi_asset_flow	MANAGED	2024-09-19T09:33:37.361Z	2026-09-16T00:42:27.989Z
simo_prod	dm	cdr_device_imsi_asset_flow_with_owner	MANAGED	2025-05-30T09:55:55.460Z	2026-09-16T00:44:11.235Z
simo_prod	dm	cdr_hourly_aggration_for_core	MANAGED	2025-01-14T03:14:12.922Z	2026-06-30T08:10:27.229Z
simo_prod	dm	cdr_imsi_cellid_usage	MANAGED	2024-12-13T10:57:49.624Z	2026-08-04T08:43:00.501Z
simo_prod	dm	cdr_imsi_cycle_flow	MANAGED	2024-09-17T11:34:25.276Z	2026-09-16T00:43:02.859Z
simo_prod	dm	cdr_imsi_cycle_flow_sftp_original	MANAGED	2024-11-20T09:06:40.657Z	2026-09-16T00:43:37.598Z
simo_prod	dm	cdr_imsi_mcc_usage	MANAGED	2026-09-10T08:22:19.841Z	2026-09-16T00:08:46.545Z
simo_prod	dm	cdr_imsi_mcc_usage_old_20260910	MANAGED	2025-07-30T09:42:11.175Z	2026-09-10T09:10:47.411Z
simo_prod	dm	cdr_subs_data_usage	MANAGED	2024-10-29T12:58:39.934Z	2026-09-08T03:07:02.295Z
simo_prod	dm	cdr_total_every_30min_for_map_display_region	MANAGED	2024-10-29T06:29:11.502Z	2026-08-04T08:37:56.050Z
simo_prod	dm	cell_region_info_to_redis	MANAGED	2024-10-01T11:23:18.245Z	2026-09-16T02:40:14.736Z
simo_prod	dm	cell_region_info_to_redis01	MANAGED	2024-10-01T11:23:42.972Z	2026-09-16T02:43:14.116Z
simo_prod	dm	cell_region_info_to_redis_add	MANAGED	2024-10-01T11:23:55.277Z	2026-09-16T02:43:24.464Z
simo_prod	dm	cell_region_info_to_redis_bak	MANAGED	2024-10-01T11:23:11.283Z	2026-09-16T02:43:56.839Z
simo_prod	dm	cell_region_info_to_redis_delete	MANAGED	2024-10-01T11:21:46.074Z	2026-09-16T02:43:41.782Z
simo_prod	dm	cellid	MANAGED	2025-12-02T01:54:57.165Z	2026-08-31T22:53:11.775Z
simo_prod	dm	cellid_data_japaneseairport_5km	MANAGED	2024-12-13T09:57:35.082Z	2026-08-04T08:43:38.521Z
simo_prod	dm	cellid_data_japanesestations_5km	MANAGED	2024-12-13T08:47:12.657Z	2026-08-04T08:38:28.192Z
simo_prod	dm	cellid_gps_info_new	MANAGED	2025-04-16T07:20:15.482Z	2026-07-25T12:28:10.810Z
simo_prod	dm	cellid_gps_info_temp	MANAGED	2024-10-28T07:35:33.151Z	2026-09-16T00:24:56.867Z
simo_prod	dm	cellid_gps_info_temp1	MANAGED	2024-09-17T07:17:40.711Z	2026-08-04T08:32:09.454Z
simo_prod	dm	cellid_integrated_data	MANAGED	2024-12-13T09:52:54.754Z	2026-08-04T08:35:50.075Z
simo_prod	dm	cellid_special_area_less_matched_iso_for_terminal	VIEW	2024-10-15T07:39:09.637Z	2026-08-04T08:43:00.159Z
simo_prod	dm	cellid_special_area_matched_iso_for_terminal	VIEW	2024-10-15T07:29:39.641Z	2026-08-04T08:40:39.244Z
simo_prod	dm	cellid_special_area_more_matched_iso_for_terminal	VIEW	2024-10-15T07:35:53.875Z	2026-08-04T08:44:22.930Z
simo_prod	dm	cellid_special_area_to_redis	VIEW	2024-10-15T07:39:16.275Z	2026-08-04T08:36:43.724Z
simo_prod	dm	cellid_special_area_to_redis_add	MANAGED	2024-09-17T07:38:28.297Z	2026-09-10T08:33:04.356Z
simo_prod	dm	cellid_special_area_to_redis_bak	MANAGED	2024-09-17T07:38:21.057Z	2026-09-13T12:30:53.225Z
simo_prod	dm	cellid_special_area_to_redis_delete	MANAGED	2024-09-17T07:38:18.540Z	2026-08-04T08:42:33.202Z
simo_prod	dm	cellid_special_area_to_redis_fsm	VIEW	2024-10-15T07:42:40.062Z	2026-08-04T08:43:59.059Z
simo_prod	dm	cellid_special_area_to_redis_new	VIEW	2024-10-15T07:42:41.010Z	2026-08-04T08:42:31.381Z
simo_prod	dm	cellid_special_area_to_redis_new_add	MANAGED	2024-09-17T07:38:24.474Z	2026-09-02T04:11:09.028Z
simo_prod	dm	cellid_special_area_to_redis_new_bak	MANAGED	2024-09-17T07:38:15.110Z	2026-09-16T06:31:50.173Z
simo_prod	dm	cellid_special_area_to_redis_new_delete	MANAGED	2024-09-17T07:38:12.525Z	2026-08-04T08:41:27.612Z
simo_prod	dm	cellid_special_area_to_redis_repair	MANAGED	2024-10-25T09:54:10.747Z	2026-08-04T08:38:51.728Z
simo_prod	dm	cellid_special_area_to_redis_repair_new	MANAGED	2024-10-25T09:54:13.419Z	2026-08-04T08:42:28.957Z
simo_prod	dm	cellid_special_area_to_redis_t0repair_new	MANAGED	2024-09-17T16:16:34.971Z	2026-08-04T08:36:33.655Z
simo_prod	dm	cellid_special_area_to_redis_t0repair_old	MANAGED	2024-09-17T16:17:51.901Z	2026-08-04T08:42:46.404Z
simo_prod	dm	change_card_data	MANAGED	2024-12-13T09:57:30.808Z	2026-08-04T08:44:09.632Z
simo_prod	dm	change_card_data_details	MANAGED	2024-12-13T10:42:07.583Z	2026-08-04T08:42:51.062Z
simo_prod	dm	change_card_data_details01	MANAGED	2024-12-13T10:05:48.466Z	2026-08-04T08:46:35.219Z
simo_prod	dm	change_card_data_details02	MANAGED	2024-12-13T10:47:43.577Z	2026-08-04T08:33:01.943Z
simo_prod	dm	change_card_data_details03	MANAGED	2024-12-13T09:32:05.020Z	2026-08-04T08:47:27.755Z
simo_prod	dm	change_card_response_data	MANAGED	2024-12-13T08:48:23.117Z	2026-08-04T08:35:26.740Z
simo_prod	dm	change_card_traffic_data_result	VIEW	2025-10-28T08:57:03.992Z	2026-07-16T07:24:10.634Z
simo_prod	dm	change_card_traffic_data_result_add_to_hbase_v2	MANAGED	2026-09-08T03:22:15.333Z	2026-09-08T03:22:15.333Z
simo_prod	dm	change_card_traffic_data_result_bak	MANAGED	2025-02-13T10:33:01.472Z	2026-07-24T15:27:08.776Z
simo_prod	dm	change_card_traffic_data_result_bak_bak	MANAGED	2025-02-22T01:13:37.662Z	2026-07-25T01:41:05.579Z
simo_prod	dm	change_card_traffic_data_result_bak_bak1	MANAGED	2025-03-31T04:20:52.056Z	2026-07-24T18:31:15.102Z
simo_prod	dm	change_card_traffic_data_result_ck	MANAGED	2026-07-16T08:55:10.675Z	2026-09-15T22:32:51.831Z
simo_prod	dm	change_card_traffic_data_result_ck_v2	MANAGED	2026-09-08T03:22:16.592Z	2026-09-08T03:22:16.592Z
simo_prod	dm	change_card_traffic_data_result_daily_his	MANAGED	2025-03-24T08:47:59.307Z	2026-06-30T08:11:01.663Z
simo_prod	dm	change_card_traffic_data_result_daily_his_cdr	MANAGED	2025-03-31T02:35:45.963Z	2026-06-30T08:10:48.632Z
simo_prod	dm	change_card_traffic_data_result_daily_his_cdr_tmp_v2	MANAGED	2026-09-08T03:22:12.737Z	2026-09-14T16:33:46.108Z
simo_prod	dm	change_card_traffic_data_result_need_delet	MANAGED	2025-02-21T09:53:36.602Z	2026-07-28T00:24:35.956Z
simo_prod	dm	change_card_traffic_data_result_realtime_tmp_v2	MANAGED	2026-09-08T03:22:14.050Z	2026-09-08T03:22:14.050Z
simo_prod	dm	change_card_traffic_data_result_repair	MANAGED	2026-07-14T08:32:18.172Z	2026-09-16T07:20:09.741Z
simo_prod	dm	change_card_traffic_data_result_repair_all	MANAGED	2026-07-15T11:04:28.912Z	2026-07-30T19:51:22.206Z
simo_prod	dm	change_card_traffic_data_result_repair_result	MANAGED	2026-07-14T09:32:49.067Z	2026-09-16T07:20:12.856Z
simo_prod	dm	change_card_traffic_data_result_repair_result_all	MANAGED	2026-07-15T11:05:35.717Z	2026-08-12T18:57:32.725Z
simo_prod	dm	change_card_traffic_data_result_tmp	MANAGED	2024-12-13T08:48:34.074Z	2026-08-04T08:40:36.380Z
simo_prod	dm	change_card_traffic_data_result_tmp2	MANAGED	2024-12-13T10:42:55.211Z	2026-08-04T08:37:49.544Z
simo_prod	dm	change_card_traffic_data_result_to_kafka	MANAGED	2025-02-13T10:40:43.463Z	2026-06-30T08:11:02.571Z
simo_prod	dm	change_card_traffic_watermark_v2	MANAGED	2026-09-08T03:22:17.880Z	2026-09-14T16:34:29.648Z
simo_prod	dm	channel_weight_avaliable_product_mcc	MANAGED	2024-09-24T09:57:37.941Z	2026-09-16T07:51:00.529Z
simo_prod	dm	config_dse_prod_type_extend_hbase	MANAGED	2024-09-13T07:15:27.584Z	2026-08-04T08:36:56.696Z
simo_prod	dm	congig_cfg_channel_weight_extend_hbase	MANAGED	2024-09-13T07:07:15.964Z	2026-08-04T08:41:34.469Z
simo_prod	dm	daily_times	MANAGED	2024-09-23T16:19:30.895Z	2026-08-04T08:45:14.823Z
simo_prod	dm	daily_usage_records	MANAGED	2024-09-26T09:27:09.033Z	2026-08-04T08:41:20.578Z
simo_prod	dm	daily_usage_records_new	MANAGED	2024-09-26T09:27:11.919Z	2026-09-16T07:30:42.976Z
simo_prod	dm	daily_usage_records_new_bak	MANAGED	2025-02-14T02:47:24.525Z	2026-09-16T07:30:58.663Z
simo_prod	dm	daily_usage_records_new_to_kafka	MANAGED	2025-02-14T02:50:28.468Z	2026-09-16T07:30:56.930Z
simo_prod	dm	device_flux_usage_period	MANAGED	2024-12-13T09:55:56.227Z	2026-08-04T08:43:06.492Z
simo_prod	dm	device_high_online_low_usage_daily_snapshot	MANAGED	2026-09-04T03:36:17.436Z	2026-09-16T02:00:58.567Z
simo_prod	dm	device_his_state_from_ck	MANAGED	2026-02-27T06:25:06.288Z	2026-09-15T02:36:36.077Z
simo_prod	dm	device_last_location	MANAGED	2024-09-30T08:12:44.282Z	2026-09-16T06:31:40.778Z
simo_prod	dm	device_last_location_tmp	MANAGED	2024-09-30T08:12:35.992Z	2026-09-16T07:41:03.793Z
simo_prod	dm	device_last_location_to_kafka	MANAGED	2024-09-30T08:12:41.324Z	2026-09-16T07:41:05.657Z
simo_prod	dm	device_last_location_to_kafka01	MANAGED	2024-09-30T08:12:47.088Z	2026-09-16T07:41:07.415Z
simo_prod	dm	device_last_online_sate	MANAGED	2025-07-17T06:10:54.181Z	2026-09-12T19:37:56.895Z
simo_prod	dm	device_last_usage_details	MANAGED	2025-03-10T08:57:46.918Z	2026-08-17T03:04:00.624Z
simo_prod	dm	device_last_usage_details_result	MANAGED	2025-03-10T09:05:13.246Z	2026-07-28T12:23:31.535Z
simo_prod	dm	device_life_from_osilog	MANAGED	2024-11-24T17:55:55.793Z	2026-09-16T05:30:29.511Z
simo_prod	dm	device_life_from_osilog_tmp	MANAGED	2024-11-24T17:55:59.132Z	2026-09-16T00:54:20.504Z
simo_prod	dm	device_monthly_online_usage	MANAGED	2026-08-25T10:26:35.231Z	2026-09-16T02:00:56.275Z
simo_prod	dm	device_online_nums_monthly_assset	MANAGED	2024-12-13T09:32:15.244Z	2026-08-04T08:39:17.272Z
simo_prod	dm	device_rsim_usage_data	MANAGED	2025-09-28T03:39:15.799Z	2026-09-16T08:04:19.108Z
simo_prod	dm	device_rsim_usage_data_bak	MANAGED	2025-10-21T06:15:12.310Z	2026-09-16T07:43:20.653Z
simo_prod	dm	device_service_quality_metricss_monthly	MANAGED	2024-12-13T11:05:20.330Z	2026-08-04T08:38:33.689Z
simo_prod	dm	device_speedlimit_his	MANAGED	2026-01-28T01:58:14.129Z	2026-09-16T07:32:31.072Z
simo_prod	dm	device_speedlimit_his_bak	MANAGED	2024-09-26T08:10:11.552Z	2026-08-04T08:45:13.009Z
simo_prod	dm	device_state_for_dashboard	VIEW	2026-02-03T02:01:46.183Z	2026-06-30T08:10:44.360Z
simo_prod	dm	device_usage_daily_mvp_main	MANAGED	2025-08-13T07:11:56.995Z	2026-09-16T07:28:11.668Z
simo_prod	dm	device_usage_daily_mvp_main_add	MANAGED	2025-04-29T06:44:18.628Z	2026-08-28T18:02:14.734Z
simo_prod	dm	device_usage_daily_mvp_main_repair_maya	MANAGED	2025-12-12T09:21:36.464Z	2026-07-28T16:28:54.639Z
simo_prod	dm	device_usage_daily_mvp_main_with_duration	MANAGED	2025-06-27T06:56:36.408Z	2026-08-04T08:41:13.815Z
simo_prod	dm	device_usage_daily_mvp_subs	MANAGED	2025-08-13T07:06:19.830Z	2026-09-16T07:28:06.742Z
simo_prod	dm	device_usage_daily_mvp_subs_add	MANAGED	2025-04-29T06:41:59.270Z	2026-08-04T08:38:09.446Z
simo_prod	dm	device_usage_daily_mvp_subs_repair_maya	MANAGED	2025-12-12T09:22:49.657Z	2026-07-28T20:00:08.269Z
simo_prod	dm	device_usage_daily_mvp_subs_tmp	MANAGED	2025-04-29T06:41:26.004Z	2026-08-04T08:40:30.365Z
simo_prod	dm	device_usage_daily_mvp_subs_tmp_202407	MANAGED	2025-08-14T06:52:55.473Z	2026-07-25T08:29:14.971Z
simo_prod	dm	device_usage_hourly_mvp_main	MANAGED	2025-12-02T08:56:31.665Z	2026-09-16T07:27:49.552Z
simo_prod	dm	device_usage_hourly_mvp_main_reapir_maya	MANAGED	2025-12-12T08:48:26.841Z	2026-08-28T20:44:44.198Z
simo_prod	dm	device_usage_hourly_mvp_subs	MANAGED	2025-12-02T09:11:05.419Z	2026-09-16T07:28:01.905Z
simo_prod	dm	device_usage_hourly_mvp_subs_repair_maya	MANAGED	2025-12-12T08:53:38.306Z	2026-08-28T20:02:31.887Z
simo_prod	dm	device_usage_monthly_mvp_main	MANAGED	2025-04-29T06:27:40.557Z	2026-09-16T07:28:35.352Z
simo_prod	dm	device_usage_monthly_mvp_main_add	MANAGED	2025-04-29T06:46:19.178Z	2026-08-04T08:32:55.980Z
simo_prod	dm	device_usage_monthly_mvp_main_repair_maya	MANAGED	2025-12-12T09:42:32.556Z	2026-07-28T20:59:04.843Z
simo_prod	dm	device_usage_monthly_mvp_subs	MANAGED	2025-08-13T09:23:11.853Z	2026-09-16T07:28:30.483Z
simo_prod	dm	device_usage_monthly_mvp_subs_add	MANAGED	2025-04-29T06:46:16.901Z	2026-08-04T08:44:26.278Z
simo_prod	dm	device_usage_monthly_mvp_subs_repair_maya	MANAGED	2025-12-12T09:41:56.241Z	2026-07-28T23:00:06.785Z
simo_prod	dm	device_usage_weekly_mvp_main	MANAGED	2025-04-29T06:27:35.907Z	2026-09-16T07:28:25.317Z
simo_prod	dm	device_usage_weekly_mvp_main_add	MANAGED	2025-04-29T06:46:14.506Z	2026-08-04T08:38:31.868Z
simo_prod	dm	device_usage_weekly_mvp_main_repair_maya	MANAGED	2025-12-12T09:28:22.957Z	2026-07-29T13:00:50.167Z
simo_prod	dm	device_usage_weekly_mvp_subs	MANAGED	2025-04-29T06:27:38.130Z	2026-09-16T07:28:19.908Z
simo_prod	dm	device_usage_weekly_mvp_subs_add	MANAGED	2025-04-29T06:46:11.952Z	2026-08-04T08:48:25.960Z
simo_prod	dm	device_usage_weekly_mvp_subs_repair_maya	MANAGED	2025-12-12T09:27:39.132Z	2026-07-28T18:53:40.969Z
simo_prod	dm	device_usage_yearly_mvp_main	MANAGED	2025-11-17T03:34:58.813Z	2026-09-16T07:28:51.159Z
simo_prod	dm	device_usage_yearly_mvp_main_add	MANAGED	2025-04-29T06:47:50.935Z	2026-08-04T08:45:22.180Z
simo_prod	dm	device_usage_yearly_mvp_main_repair_maya	MANAGED	2025-12-12T09:43:53.995Z	2026-07-28T20:59:04.741Z
simo_prod	dm	device_usage_yearly_mvp_subs	MANAGED	2025-04-29T06:27:46.918Z	2026-09-16T07:28:45.818Z
simo_prod	dm	device_usage_yearly_mvp_subs_add	MANAGED	2025-04-29T06:46:21.628Z	2026-08-04T08:42:24.019Z
simo_prod	dm	device_usage_yearly_mvp_subs_repair_maya	MANAGED	2025-12-12T09:43:25.952Z	2026-07-29T01:00:30.534Z
simo_prod	dm	devices_display_airport	MANAGED	2024-10-29T06:29:18.030Z	2026-08-04T08:42:45.378Z
simo_prod	dm	devices_display_region	MANAGED	2024-10-29T06:49:44.827Z	2026-08-04T08:44:27.863Z
simo_prod	dm	dim_iso	MANAGED	2024-10-15T07:29:18.467Z	2026-08-04T08:44:21.510Z
simo_prod	dm	dm_datetime_1hour	MANAGED	2024-12-13T09:27:54.395Z	2026-08-04T08:48:31.811Z
simo_prod	dm	dm_datetime_1min	MANAGED	2024-12-13T09:57:39.106Z	2026-08-29T00:59:07.645Z
simo_prod	dm	dm_dim_datetime_daily	MANAGED	2025-11-30T02:52:09.815Z	2026-06-30T08:10:58.145Z
simo_prod	dm	dm_dim_datetime_daily_new	MANAGED	2025-11-30T02:40:28.707Z	2026-06-30T08:10:49.226Z
simo_prod	dm	dm_dim_datetime_month	MANAGED	2024-12-13T11:04:56.122Z	2026-08-04T08:40:08.671Z
simo_prod	dm	dm_simo_order_buy_asset_total	MANAGED	2025-11-24T07:12:25.072Z	2026-09-15T12:19:04.568Z
simo_prod	dm	dm_subs_monthly_asset_usage	MANAGED	2026-01-07T09:49:43.170Z	2026-09-15T23:32:32.612Z
simo_prod	dm	dre_applylog_to_kafka_tmp	MANAGED	2024-12-13T09:53:40.676Z	2026-08-04T08:32:35.452Z
simo_prod	dm	dre_applylog_to_result	MANAGED	2024-12-13T09:53:13.494Z	2026-08-04T08:35:52.672Z
simo_prod	dm	equipment_behavior_monthly	MANAGED	2024-12-13T08:43:47.067Z	2026-08-04T08:36:40.735Z
simo_prod	dm	equipment_behavior_monthly_gig	MANAGED	2024-12-13T10:12:06.282Z	2026-08-04T08:36:33.390Z
simo_prod	dm	equipment_shipment_conversion	MANAGED	2024-09-23T15:42:47.923Z	2026-08-04T08:42:47.446Z
simo_prod	dm	equity_splicing_mtk_data	MANAGED	2024-09-24T09:57:41.283Z	2026-09-16T07:59:40.134Z
simo_prod	dm	failuers_reason_detail_daily	MANAGED	2024-09-19T12:29:33.322Z	2026-09-16T00:31:36.373Z
simo_prod	dm	google_gps_info_temp	MANAGED	2024-10-28T07:35:37.648Z	2026-08-04T08:35:01.135Z
simo_prod	dm	google_repair_data	MANAGED	2024-12-13T09:57:56.107Z	2026-08-04T08:36:47.314Z
simo_prod	dm	hourly_usage_records	MANAGED	2024-09-26T07:26:45.571Z	2026-08-04T08:47:00.325Z
simo_prod	dm	hourly_usage_records_new	MANAGED	2024-09-26T07:26:50.025Z	2026-09-16T07:15:59.305Z
simo_prod	dm	hourly_usage_records_new_bak	MANAGED	2025-02-14T02:08:26.045Z	2026-09-16T07:16:07.460Z
simo_prod	dm	hourly_usage_records_new_to_kafka	MANAGED	2025-02-14T02:12:53.679Z	2026-09-16T07:16:03.111Z
simo_prod	dm	hourly_usage_records_tmp	MANAGED	2024-12-17T07:22:56.498Z	2026-06-30T08:11:03.221Z
simo_prod	dm	imsi_classification_threshold_config	MANAGED	2025-07-09T10:34:22.408Z	2026-06-30T08:10:33.166Z
simo_prod	dm	imsi_classification_to_redis	MANAGED	2025-05-14T02:46:05.666Z	2026-09-15T22:33:16.411Z
simo_prod	dm	imsi_classification_to_redis_all	MANAGED	2025-06-23T06:36:38.940Z	2026-07-27T23:23:31.750Z
simo_prod	dm	imsi_classification_to_redis_delete_hash	MANAGED	2026-01-13T06:37:33.890Z	2026-09-13T20:45:53.526Z
simo_prod	dm	imsi_classification_to_redis_delete_string	MANAGED	2026-01-13T06:37:09.879Z	2026-09-16T04:34:16.011Z
simo_prod	dm	imsi_classification_to_redis_prod	MANAGED	2025-06-10T08:23:04.092Z	2026-09-15T22:33:14.447Z
simo_prod	dm	imsi_classification_to_redis_prod_all	MANAGED	2025-06-24T03:43:13.609Z	2026-07-27T15:28:02.025Z
simo_prod	dm	imsi_classification_to_redis_update	MANAGED	2025-05-14T02:47:41.133Z	2026-07-29T05:59:01.114Z
simo_prod	dm	imsi_dispatch_details	MANAGED	2026-05-15T02:40:47.514Z	2026-09-15T22:33:43.345Z
simo_prod	dm	imsi_monitor	MANAGED	2025-11-25T09:26:41.588Z	2026-09-16T08:02:59.472Z
simo_prod	dm	imsi_monitor_base_daily	MANAGED	2026-08-03T10:56:43.180Z	2026-09-16T00:10:36.609Z
simo_prod	dm	imsi_monitor_cdr_running_agg	MANAGED	2026-08-06T09:02:03.145Z	2026-09-16T00:10:45.249Z
simo_prod	dm	imsi_monitor_history	MANAGED	2025-11-25T09:26:54.623Z	2026-09-16T08:03:04.006Z
simo_prod	dm	imsi_monitor_result	MANAGED	2025-11-25T09:28:51.841Z	2026-09-16T08:03:12.204Z
simo_prod	dm	imsi_monitor_result_bak	MANAGED	2026-08-03T08:10:46.086Z	2026-08-26T23:01:58.584Z
simo_prod	dm	imsi_monitor_v3	MANAGED	2026-08-06T09:00:37.935Z	2026-08-17T08:47:30.551Z
simo_prod	dm	imsi_monitor_v3_history	MANAGED	2026-08-06T09:00:58.404Z	2026-08-19T20:56:43.997Z
simo_prod	dm	imsi_monitor_v3_result	MANAGED	2026-08-06T09:01:20.138Z	2026-08-27T11:53:53.046Z
simo_prod	dm	imsi_traffic_usage_classification	MANAGED	2025-05-14T02:29:52.375Z	2026-09-15T17:42:40.988Z
simo_prod	dm	imsi_traffic_usage_classification_bak	MANAGED	2025-06-20T10:01:37.630Z	2026-09-15T17:42:25.786Z
simo_prod	dm	imsi_traffic_usage_classification_delete	MANAGED	2026-01-13T03:44:34.892Z	2026-09-13T16:31:01.774Z
simo_prod	dm	imsi_traffic_usage_classification_his_bak	MANAGED	2025-07-17T08:33:47.455Z	2026-07-25T07:27:53.072Z
simo_prod	dm	imsi_traffic_usage_classification_update	MANAGED	2025-06-20T10:09:36.413Z	2026-09-15T17:42:45.376Z
simo_prod	dm	japan_airport_location	MANAGED	2024-12-13T08:43:34.905Z	2026-08-04T08:43:57.612Z
simo_prod	dm	japan_station_location	MANAGED	2024-12-13T10:12:17.191Z	2026-08-04T08:35:17.662Z
simo_prod	dm	lbs_gps_info_temp	MANAGED	2024-10-29T10:30:53.099Z	2026-08-04T08:47:37.225Z
simo_prod	dm	lbs_repair_data	MANAGED	2024-12-13T09:57:58.754Z	2026-08-04T08:38:37.553Z
simo_prod	dm	maya_use_simo_traffice_data	MANAGED	2026-05-14T09:38:58.309Z	2026-09-16T03:32:34.628Z
simo_prod	dm	minigps_gu_data	MANAGED	2024-10-01T11:28:42.691Z	2026-08-04T08:45:04.988Z
simo_prod	dm	minigps_repair_data	MANAGED	2024-12-13T10:57:56.142Z	2026-08-04T08:46:56.209Z
simo_prod	dm	minigps_repair_data01	MANAGED	2024-12-13T11:00:39.126Z	2026-08-04T08:43:36.801Z
simo_prod	dm	minigps_repair_data1	MANAGED	2024-12-13T10:12:13.487Z	2026-08-29T05:56:09.443Z
simo_prod	dm	mixpanel_consumer_account_use_data	MANAGED	2026-03-26T06:11:47.162Z	2026-09-16T01:20:28.783Z
simo_prod	dm	mixpanel_consumer_account_use_data_bak	MANAGED	2024-09-24T11:17:21.244Z	2026-08-04T08:32:43.572Z
simo_prod	dm	monthly_churn_detail	MANAGED	2026-06-23T02:35:09.142Z	2026-09-13T06:30:53.328Z
simo_prod	dm	monthly_churn_detail_bak	MANAGED	2026-06-23T03:46:32.637Z	2026-08-28T03:55:07.040Z
simo_prod	dm	monthly_times	MANAGED	2024-09-23T15:41:42.269Z	2026-08-04T08:42:21.904Z
simo_prod	dm	monthly_usage_records	MANAGED	2024-09-26T09:27:14.670Z	2026-08-04T08:35:30.158Z
simo_prod	dm	monthly_usage_records_new	MANAGED	2024-09-26T09:27:17.663Z	2026-09-16T07:30:53.573Z
simo_prod	dm	mtklistplmn_his	MANAGED	2024-12-13T08:47:08.225Z	2026-08-04T08:42:28.260Z
simo_prod	dm	mtklistplmn_his_tmp	MANAGED	2024-12-13T09:52:39.976Z	2026-08-04T08:45:19.546Z
simo_prod	dm	mtklistplmn_his_to_redis	MANAGED	2024-12-13T10:42:31.582Z	2026-08-04T08:41:26.902Z
simo_prod	dm	mtklistplmn_his_to_redis01	MANAGED	2024-12-13T11:00:47.777Z	2026-08-04T08:41:23.381Z
simo_prod	dm	mtklistplmn_his_to_redis_region	MANAGED	2024-10-01T11:21:51.151Z	2026-08-04T08:42:04.579Z
simo_prod	dm	mtklistplmn_his_to_redis_region_add	MANAGED	2024-10-01T11:21:40.947Z	2026-08-04T08:32:59.803Z
simo_prod	dm	mtklistplmn_his_to_redis_region_bak	MANAGED	2024-10-01T11:22:36.312Z	2026-08-04T08:41:27.983Z
simo_prod	dm	mtklistplmn_his_to_redis_region_delete	MANAGED	2024-10-01T11:23:50.148Z	2026-08-04T08:36:28.226Z
simo_prod	dm	npms_result_data_cellid_to_redis_cellid	MANAGED	2024-10-01T10:30:24.516Z	2026-09-16T07:34:52.717Z
simo_prod	dm	npms_result_data_cellid_to_redis_cellid_add	MANAGED	2024-10-01T10:26:20.629Z	2026-09-16T07:34:59.628Z
simo_prod	dm	npms_result_data_cellid_to_redis_cellid_bak	MANAGED	2024-10-01T10:26:22.814Z	2026-09-16T07:35:06.694Z
simo_prod	dm	npms_result_data_cellid_to_redis_region	MANAGED	2024-09-26T08:10:19.508Z	2026-09-16T07:34:20.227Z
simo_prod	dm	npms_result_data_mcc	MANAGED	2024-12-13T09:57:42.155Z	2026-08-04T08:35:36.855Z
simo_prod	dm	one_machine_one_card_data	MANAGED	2024-12-13T11:01:01.452Z	2026-08-04T08:43:55.481Z
simo_prod	dm	one_machine_one_card_data_tmp	MANAGED	2024-12-13T09:28:02.244Z	2026-08-04T08:48:33.925Z
simo_prod	dm	online_vsim_usage_data	VIEW	2026-04-29T08:17:37.458Z	2026-06-30T08:10:27.455Z
simo_prod	dm	order_payments_for_dashboard	MANAGED	2026-01-26T11:15:49.695Z	2026-07-18T08:44:40.825Z
simo_prod	dm	order_usage_cumulative	MANAGED	2026-08-04T01:59:33.138Z	2026-09-16T07:59:16.569Z
simo_prod	dm	order_usage_cumulative_backup_20260806	MANAGED	2026-08-06T03:27:09.448Z	2026-08-28T03:55:00.009Z
simo_prod	dm	osi_rsim_apply_time_and_nums	MANAGED	2024-12-13T10:12:10.892Z	2026-08-04T08:40:20.619Z
simo_prod	dm	plmn_available_for_products_plmnlist	MANAGED	2024-12-13T09:32:08.449Z	2026-08-04T08:36:08.638Z
simo_prod	dm	plmn_available_for_products_plmnlist_new	MANAGED	2024-10-01T11:23:08.371Z	2026-09-16T02:32:00.395Z
simo_prod	dm	product_plmn	MANAGED	2026-04-23T09:19:57.688Z	2026-06-30T08:10:50.092Z
simo_prod	dm	realtime_rsim_availability_result	MANAGED	2024-09-12T12:44:42.968Z	2026-09-16T07:38:11.315Z
simo_prod	dm	realtime_rsim_availability_result_back	MANAGED	2024-09-12T12:46:48.004Z	2026-08-04T08:46:52.903Z
simo_prod	dm	realtime_rsim_availability_result_mcc	MANAGED	2024-09-12T12:46:08.847Z	2026-09-16T07:38:15.958Z
simo_prod	dm	realtime_rsim_availability_result_mcc_back	MANAGED	2024-09-12T12:50:28.661Z	2026-08-04T08:45:11.836Z
simo_prod	dm	realtime_rsim_availability_result_mcc_tmp	MANAGED	2024-09-12T12:45:24.101Z	2026-09-16T07:38:13.100Z
simo_prod	dm	realtime_rsim_availability_result_mcc_to_redis	MANAGED	2024-09-13T14:29:15.143Z	2026-09-16T07:38:14.528Z
simo_prod	dm	realtime_vsim_availability_result	MANAGED	2024-09-12T12:56:35.692Z	2026-09-16T08:05:05.339Z
simo_prod	dm	realtime_vsim_availability_result_back	MANAGED	2024-09-12T12:59:57.925Z	2026-08-04T08:41:15.868Z
simo_prod	dm	realtime_vsim_availability_result_cell_to_redis	MANAGED	2024-12-13T10:57:52.738Z	2026-08-04T08:32:13.794Z
simo_prod	dm	realtime_vsim_availability_result_mcc	MANAGED	2024-09-13T14:21:53.567Z	2026-09-16T08:05:12.305Z
simo_prod	dm	realtime_vsim_availability_result_mcc_back	MANAGED	2024-09-12T13:00:39.834Z	2026-08-04T08:42:31.789Z
simo_prod	dm	realtime_vsim_availability_result_mcc_tmp	MANAGED	2024-09-12T12:57:17.084Z	2026-09-16T08:05:07.228Z
simo_prod	dm	realtime_vsim_availability_result_mcc_to_redis	MANAGED	2024-09-12T12:58:02.764Z	2026-09-16T08:05:09.227Z
simo_prod	dm	realtime_vsim_availability_result_mcc_to_redis_new	MANAGED	2024-09-12T12:58:37.729Z	2026-09-16T08:05:10.740Z
simo_prod	dm	realtime_vsim_availability_result_mcc_to_redis_new01	MANAGED	2024-09-12T12:59:19.952Z	2026-08-04T08:46:40.271Z
simo_prod	dm	redis_hash_data_snapshot	MANAGED	2026-01-13T07:39:15.266Z	2026-07-28T17:27:08.239Z
simo_prod	dm	redis_string_keys_snapshot	MANAGED	2026-01-13T07:10:28.689Z	2026-07-28T16:28:51.962Z
simo_prod	dm	region_overlay_plmnlist	MANAGED	2024-12-13T10:58:03.941Z	2026-08-04T08:35:39.217Z
simo_prod	dm	region_overlay_plmnlist_cellid	MANAGED	2024-12-13T11:04:52.906Z	2026-08-04T08:36:56.981Z
simo_prod	dm	region_overlay_plmnlist_region	MANAGED	2024-10-01T11:22:33.899Z	2026-08-04T08:32:26.496Z
simo_prod	dm	region_overlay_plmnlist_region_add	MANAGED	2024-10-01T11:22:06.436Z	2026-08-04T08:42:14.727Z
simo_prod	dm	region_overlay_plmnlist_region_bak	MANAGED	2024-10-01T11:23:47.752Z	2026-08-04T08:45:03.435Z
simo_prod	dm	region_overlay_plmnlist_region_delete	MANAGED	2024-10-01T11:23:22.983Z	2026-08-04T08:42:53.181Z
simo_prod	dm	region_product_overlay_plmnlist	MANAGED	2024-10-01T11:23:57.572Z	2026-09-16T02:34:07.220Z
simo_prod	dm	region_table_cellid_5km_new	MANAGED	2025-04-29T03:12:40.905Z	2026-07-24T06:30:55.790Z
simo_prod	dm	region_table_cellid_5km_new01	MANAGED	2025-05-06T07:00:08.491Z	2026-07-24T10:28:38.377Z
simo_prod	dm	result_device_tag	MANAGED	2025-08-20T03:00:55.493Z	2026-09-16T07:55:38.865Z
simo_prod	dm	result_device_tag_add	MANAGED	2025-08-21T02:30:43.182Z	2026-09-16T07:55:40.461Z
simo_prod	dm	result_device_tag_bak	MANAGED	2025-08-21T02:29:21.345Z	2026-09-16T07:55:41.768Z
simo_prod	dm	rsim_alarm_threshold_config	MANAGED	2025-09-19T08:30:12.030Z	2026-06-30T08:10:29.392Z
simo_prod	dm	rsim_availability_result_mcc	MANAGED	2024-09-26T10:27:24.944Z	2026-09-16T00:30:48.459Z
simo_prod	dm	rsim_availability_result_mcc01	MANAGED	2024-09-26T10:27:27.360Z	2026-09-16T00:30:51.862Z
simo_prod	dm	rsim_availability_result_to_redis	MANAGED	2024-09-26T10:27:34.649Z	2026-09-16T00:30:54.200Z
simo_prod	dm	rsim_availability_result_to_redis_bak	MANAGED	2024-09-26T10:27:46.981Z	2026-09-16T00:30:59.532Z
simo_prod	dm	rsim_available_plmns	MANAGED	2024-09-24T08:21:04.313Z	2026-09-16T07:39:22.530Z
simo_prod	dm	rsim_available_plmns_for_t0	MANAGED	2024-10-09T07:42:11.084Z	2026-09-16T07:39:41.231Z
simo_prod	dm	rsim_available_plmns_to_redis	MANAGED	2024-12-13T11:00:54.937Z	2026-08-04T08:43:39.965Z
simo_prod	dm	rsim_available_plmns_to_redis_new	MANAGED	2024-09-24T08:21:09.908Z	2026-09-16T07:39:30.994Z
simo_prod	dm	rsim_plmn_attribute_data	MANAGED	2024-12-13T10:36:57.116Z	2026-08-04T08:40:19.819Z
simo_prod	dm	sc_product_id_accountid_list	MANAGED	2025-09-15T06:08:27.587Z	2026-09-16T08:02:27.950Z
simo_prod	dm	sc_product_id_accountid_list_bak	MANAGED	2025-12-19T03:18:43.187Z	2026-09-16T08:02:30.590Z
simo_prod	dm	sc_product_id_accountid_list_update_to_ck	MANAGED	2025-12-19T03:19:56.338Z	2026-09-16T08:02:29.146Z
simo_prod	dm	sc_public_device_active_plans	MANAGED	2026-06-25T07:19:58.110Z	2026-09-16T07:35:12.966Z
simo_prod	dm	sc_public_device_active_plans_bak	MANAGED	2026-07-15T09:41:38.217Z	2026-08-28T05:57:40.083Z
simo_prod	dm	simplifiedstate_translation	MANAGED	2024-12-13T11:04:40.955Z	2026-08-04T08:40:46.855Z
simo_prod	dm	sn_aggregated_cdr_realtime	MANAGED	2025-06-24T06:27:28.916Z	2026-07-27T16:31:28.587Z
simo_prod	dm	sn_assets_info	MANAGED	2025-08-28T10:32:33.167Z	2026-09-16T07:59:26.744Z
simo_prod	dm	special_cellid_need_repair_data_t0	MANAGED	2024-09-17T16:10:00.300Z	2026-08-04T08:40:52.941Z
simo_prod	dm	special_cellid_need_repair_data_t0_all	MANAGED	2024-09-17T16:12:08.789Z	2026-08-04T08:37:17.693Z
simo_prod	dm	srsim_avaliable_basic_data	MANAGED	2024-10-01T11:24:24.266Z	2026-09-16T02:37:51.561Z
simo_prod	dm	srsim_avaliable_data_region	MANAGED	2024-10-01T11:23:45.389Z	2026-09-16T02:37:58.668Z
simo_prod	dm	srsim_avaliable_data_region_info	MANAGED	2024-12-13T10:42:40.418Z	2026-08-04T08:45:31.612Z
simo_prod	dm	srsim_avaliable_data_region_info2	MANAGED	2024-12-13T09:53:31.837Z	2026-08-04T08:43:27.101Z
simo_prod	dm	srsim_avaliable_data_region_info3	MANAGED	2024-12-13T10:36:37.198Z	2026-08-04T08:37:23.413Z
simo_prod	dm	srsim_avaliable_data_region_result	MANAGED	2024-12-13T10:43:05.464Z	2026-08-04T08:42:34.663Z
simo_prod	dm	srsim_avaliable_data_region_result02	MANAGED	2024-12-13T09:53:20.113Z	2026-08-04T08:41:10.980Z
simo_prod	dm	srsim_avaliable_product_data_airport	MANAGED	2024-10-01T11:24:28.908Z	2026-09-01T12:25:51.706Z
simo_prod	dm	srsim_avaliable_product_data_to_redis	MANAGED	2024-12-13T09:53:10.758Z	2026-08-04T08:36:39.909Z
simo_prod	dm	srsim_avaliable_product_data_to_redis01	MANAGED	2024-12-13T09:52:36.392Z	2026-08-04T08:40:33.536Z
simo_prod	dm	srsim_avaliable_product_data_to_redis_region	MANAGED	2024-10-01T11:22:18.582Z	2026-09-16T02:38:02.950Z
simo_prod	dm	srsim_avaliable_region_data_to_redis	MANAGED	2024-10-01T11:21:38.022Z	2026-09-16T02:38:37.448Z
simo_prod	dm	srsim_avaliable_region_data_to_redis01	MANAGED	2024-10-01T11:23:05.961Z	2026-09-16T02:39:15.885Z
simo_prod	dm	srsim_avaliable_region_data_to_redis_add	MANAGED	2024-10-01T11:22:16.121Z	2026-09-16T02:39:27.527Z
simo_prod	dm	srsim_avaliable_region_data_to_redis_bak	MANAGED	2024-10-01T11:24:36.616Z	2026-09-16T02:39:51.582Z
simo_prod	dm	srsim_avaliable_region_data_to_redis_delete	MANAGED	2024-10-01T11:23:33.513Z	2026-09-16T02:39:37.575Z
simo_prod	dm	state_duration_result	MANAGED	2025-08-13T07:21:39.604Z	2026-08-27T15:59:02.640Z
simo_prod	dm	state_duration_result_add	MANAGED	2025-08-19T08:31:27.565Z	2026-07-24T05:28:42.739Z
simo_prod	dm	state_duration_result_hourly	MANAGED	2025-11-10T10:11:10.225Z	2026-09-16T07:27:37.506Z
simo_prod	dm	state_duration_result_hourly_repair_maya	MANAGED	2025-12-12T08:42:30.278Z	2026-08-29T03:55:03.859Z
simo_prod	dm	state_translation	MANAGED	2024-12-13T09:40:35.668Z	2026-08-04T08:43:17.576Z
simo_prod	dm	t0_repair_cellid_gps_info	MANAGED	2024-09-17T16:13:46.284Z	2026-08-04T08:43:55.874Z
simo_prod	dm	t0_repair_cellid_gps_info_all	MANAGED	2024-09-17T07:37:58.919Z	2026-08-04T08:40:16.872Z
simo_prod	dm	t0_repair_special_cellid_gps_info	MANAGED	2024-09-17T16:15:10.642Z	2026-08-04T08:44:14.051Z
simo_prod	dm	t0_repair_special_cellid_gps_info_all	MANAGED	2024-09-17T07:38:07.522Z	2026-08-04T08:32:02.225Z
simo_prod	dm	t_sftp_kafka_messages	MANAGED	2025-07-03T05:53:36.708Z	2026-07-28T02:27:26.215Z
simo_prod	dm	t_sftp_report_to_generate	MANAGED	2025-04-29T06:54:41.877Z	2026-09-16T07:33:14.099Z
simo_prod	dm	t_sftp_report_to_generate_from_mysql	MANAGED	2025-07-03T03:18:15.407Z	2026-09-16T05:31:34.216Z
simo_prod	dm	t_sftp_report_to_generate_kafka_messages	MANAGED	2025-07-08T06:34:41.660Z	2026-09-16T07:33:11.107Z
simo_prod	dm	telus_tmo_plmn_register_result1	MANAGED	2024-12-13T09:27:56.779Z	2026-08-04T08:31:59.433Z
simo_prod	dm	telus_tmo_plmn_register_result2	MANAGED	2024-12-13T09:55:59.446Z	2026-08-04T08:47:02.318Z
simo_prod	dm	telus_tmo_plmn_register_result3	MANAGED	2024-12-13T09:57:53.105Z	2026-08-04T08:36:17.583Z
simo_prod	dm	tm_osi_log_use_regioninfo_data	MANAGED	2024-09-26T11:08:43.637Z	2026-08-04T08:44:38.344Z
simo_prod	dm	tm_osi_srsim_group_details	MANAGED	2024-09-26T11:08:38.576Z	2026-08-04T08:37:04.702Z
simo_prod	dm	tm_osi_start_to_authenticate_result_attribute	MANAGED	2024-09-26T11:08:03.735Z	2026-09-16T00:50:45.073Z
simo_prod	dm	tm_osi_start_to_authenticate_result_attribute_tmp	MANAGED	2024-12-13T08:47:15.849Z	2026-08-04T08:38:38.457Z
simo_prod	dm	tm_osi_start_to_authenticate_result_event	MANAGED	2024-09-26T11:08:06.571Z	2026-09-16T00:50:57.235Z
simo_prod	dm	traffic_flux_threshold	MANAGED	2026-09-04T06:29:50.612Z	2026-09-09T22:25:24.022Z
simo_prod	dm	traffic_usage_alarm_bakupcard_data	MANAGED	2025-06-10T06:51:30.596Z	2026-09-15T17:42:20.284Z
simo_prod	dm	traffic_usage_alarm_device_data	MANAGED	2025-06-20T12:44:50.748Z	2026-09-15T17:42:38.658Z
simo_prod	dm	traffic_usage_alarm_device_data_bak	MANAGED	2025-07-21T07:55:18.329Z	2026-06-30T08:10:40.209Z
simo_prod	dm	traffic_usage_alarm_device_data_bak01	MANAGED	2025-07-21T08:22:56.038Z	2026-07-27T07:34:52.091Z
simo_prod	dm	travel_location	MANAGED	2024-12-09T08:32:39.005Z	2026-07-29T06:59:51.435Z
simo_prod	dm	tv_asset_data_usage_realtime	VIEW	2026-08-30T04:08:16.192Z	2026-08-30T04:08:16.192Z
simo_prod	dm	tv_cdr_imsi_mcc_usage	VIEW	2025-07-31T02:22:16.068Z	2026-06-30T08:10:53.612Z
simo_prod	dm	udr_usage_records_daily_20210901	MANAGED	2024-12-13T09:41:28.075Z	2026-08-04T08:48:23.036Z
simo_prod	dm	udr_usage_records_hourly_20210901	MANAGED	2024-12-13T11:08:56.591Z	2026-08-04T08:32:47.071Z
simo_prod	dm	udr_usage_subsid_data	MANAGED	2024-09-13T08:55:25.849Z	2026-08-04T08:44:31.018Z
simo_prod	dm	udr_usage_subsid_data_result	MANAGED	2024-09-13T08:56:15.425Z	2026-09-15T22:33:48.819Z
simo_prod	dm	udr_usage_subsid_data_result_bak	MANAGED	2025-02-13T07:54:33.963Z	2026-09-16T08:03:02.355Z
simo_prod	dm	udr_usage_subsid_data_result_to_kafka	MANAGED	2025-02-13T08:06:36.691Z	2026-09-16T08:02:51.890Z
simo_prod	dm	udr_usage_subsid_data_result_with_mcc	MANAGED	2025-11-24T07:33:59.208Z	2026-09-16T08:02:23.463Z
simo_prod	dm	udr_usage_subsid_data_result_with_mcc_bak	MANAGED	2026-01-06T08:41:33.299Z	2026-09-16T08:04:36.784Z
simo_prod	dm	udr_usage_subsid_data_result_with_mcc_to_ck	MANAGED	2026-01-06T08:43:34.225Z	2026-09-16T08:03:30.172Z
simo_prod	dm	udr_usage_subsid_data_total	MANAGED	2024-09-13T08:57:07.553Z	2026-09-16T08:02:42.783Z
simo_prod	dm	udr_usage_subsid_data_total_bak	MANAGED	2025-02-13T09:22:05.211Z	2026-09-16T08:03:24.080Z
simo_prod	dm	udr_usage_subsid_data_total_delete_data	MANAGED	2025-02-20T06:18:59.673Z	2026-09-16T08:03:17.271Z
simo_prod	dm	udr_usage_subsid_data_total_to_kafka	MANAGED	2025-02-13T09:27:46.012Z	2026-09-16T08:03:08.486Z
simo_prod	dm	usage_records_daily	MANAGED	2025-12-05T10:44:27.582Z	2026-09-16T00:15:47.694Z
simo_prod	dm	usage_records_daily_his	MANAGED	2024-09-27T11:22:10.044Z	2026-08-04T08:37:10.168Z
simo_prod	dm	usage_records_monthly	MANAGED	2024-09-27T11:22:13.488Z	2026-09-03T05:02:40.136Z
simo_prod	dm	user_email_sn	MANAGED	2025-08-08T06:42:31.330Z	2026-06-30T08:10:26.120Z
simo_prod	dm	userbandwidth_report_data	MANAGED	2024-12-13T08:47:24.094Z	2026-08-04T08:34:58.829Z
simo_prod	dm	vsim_apply_log_intermediate	MANAGED	2025-05-09T02:09:37.964Z	2026-08-04T08:46:23.804Z
simo_prod	dm	vsim_apply_log_intermediate_tmp_v2	MANAGED	2026-09-08T03:22:11.339Z	2026-09-14T16:33:43.162Z
simo_prod	dm	vsim_apply_result_code	MANAGED	2024-12-13T10:12:01.000Z	2026-08-04T08:42:48.136Z
simo_prod	dm	vsim_apply_result_code01	MANAGED	2024-12-13T09:27:48.053Z	2026-08-04T08:32:44.654Z
simo_prod	dm	vsim_apply_result_code02	MANAGED	2024-12-13T09:40:51.914Z	2026-08-04T08:44:49.244Z
simo_prod	dm	vsim_applylog_with_r_value	MANAGED	2025-06-23T09:18:50.428Z	2026-07-30T14:28:15.132Z
simo_prod	dm	vsim_availability_apply_data	MANAGED	2024-12-13T09:32:23.528Z	2026-08-04T08:46:42.594Z
simo_prod	dm	vsim_availability_apply_data01	MANAGED	2024-12-13T08:49:00.366Z	2026-08-04T08:43:15.079Z
simo_prod	dm	vsim_availability_data	MANAGED	2024-09-30T07:09:18.992Z	2026-09-16T00:06:41.353Z
simo_prod	dm	vsim_availability_data01	MANAGED	2024-09-30T07:09:22.377Z	2026-09-16T00:06:49.039Z
simo_prod	dm	vsim_availability_data02	MANAGED	2024-09-30T07:09:25.899Z	2026-09-16T00:06:55.589Z
simo_prod	dm	vsim_availability_data03	MANAGED	2024-09-30T07:09:30.034Z	2026-09-16T00:09:24.286Z
simo_prod	dm	vsim_availability_data04	MANAGED	2024-09-30T07:09:33.352Z	2026-09-16T00:09:52.066Z
simo_prod	dm	vsim_availability_data_result_hbase	MANAGED	2024-09-30T07:10:01.398Z	2026-09-16T00:13:56.449Z
simo_prod	dm	vsim_availability_data_tmp	MANAGED	2024-12-13T08:49:08.936Z	2026-08-04T08:40:14.848Z
simo_prod	dm	vsim_availability_data_usc	MANAGED	2024-12-13T09:53:17.834Z	2026-08-04T08:47:05.806Z
simo_prod	dm	vsim_availability_data_with_region	MANAGED	2024-09-30T07:09:36.633Z	2026-09-16T00:11:05.694Z
simo_prod	dm	vsim_availability_data_with_region01	MANAGED	2024-12-13T09:52:26.272Z	2026-08-04T08:41:12.642Z
simo_prod	dm	vsim_availability_data_with_region_10km	MANAGED	2024-12-13T08:49:20.084Z	2026-08-04T08:40:07.287Z
simo_prod	dm	vsim_availability_data_with_region_hbase	MANAGED	2024-09-30T07:10:07.015Z	2026-09-16T00:14:32.616Z
simo_prod	dm	vsim_availability_data_with_region_hbase_bascica	MANAGED	2024-09-30T07:10:04.090Z	2026-09-16T00:14:23.106Z
simo_prod	dm	vsim_availability_data_with_region_hbase_bascica_daily_last_year	MANAGED	2025-01-20T03:41:10.140Z	2026-08-04T08:36:32.187Z
simo_prod	dm	vsim_availability_data_with_region_hbase_bascica_daily_last_year_heartbeat	MANAGED	2025-04-27T06:59:04.488Z	2026-08-04T08:34:56.820Z
simo_prod	dm	vsim_availability_data_with_region_hbase_bascica_daily_last_year_heartbeat_basic	MANAGED	2025-04-27T07:11:46.827Z	2026-08-04T08:38:51.124Z
simo_prod	dm	vsim_availability_data_with_region_hbase_bascica_daily_summary_result	MANAGED	2025-01-20T04:21:12.239Z	2026-08-04T08:42:47.795Z
simo_prod	dm	vsim_availability_data_with_region_hbase_test	MANAGED	2024-12-13T10:36:41.367Z	2026-08-04T08:32:41.598Z
simo_prod	dm	vsim_availability_data_with_region_usc	MANAGED	2024-12-13T09:53:37.734Z	2026-08-04T08:46:34.458Z
simo_prod	dm	vsim_availability_plmn_score_cellid	MANAGED	2024-12-13T09:40:56.872Z	2026-08-04T08:43:01.536Z
simo_prod	dm	vsim_availability_plmn_score_country	MANAGED	2024-12-13T08:43:42.159Z	2026-08-04T08:35:27.020Z
simo_prod	dm	vsim_availability_plmn_score_region	MANAGED	2024-12-13T10:42:35.679Z	2026-08-04T08:43:04.374Z
simo_prod	dm	vsim_availability_result_cellid	MANAGED	2024-09-30T07:09:39.314Z	2026-09-16T00:12:06.077Z
simo_prod	dm	vsim_availability_result_cellid_bak	MANAGED	2024-09-30T07:09:47.733Z	2026-09-07T00:16:49.829Z
simo_prod	dm	vsim_availability_result_cellid_redis	MANAGED	2024-09-30T07:09:53.168Z	2026-09-16T00:13:07.441Z
simo_prod	dm	vsim_availability_result_cellid_redis_tmp	MANAGED	2024-09-30T07:09:58.562Z	2026-09-16T00:13:32.795Z
simo_prod	dm	vsim_availability_result_cellid_redis_update	MANAGED	2024-09-30T07:09:55.864Z	2026-09-16T00:13:13.758Z
simo_prod	dm	vsim_availability_result_cellid_usc	MANAGED	2024-12-13T09:32:11.868Z	2026-08-04T08:36:42.240Z
simo_prod	dm	vsim_availability_result_cellid_with_region	MANAGED	2024-12-13T09:57:50.207Z	2026-08-04T08:32:15.658Z
simo_prod	dm	vsim_availability_result_cellid_with_region10km	MANAGED	2024-12-13T10:42:59.446Z	2026-08-04T08:46:22.427Z
simo_prod	dm	vsim_availability_result_cellid_with_region_usc	MANAGED	2024-12-13T09:25:52.519Z	2026-08-04T08:46:42.983Z
simo_prod	dm	vsim_availability_result_lac	MANAGED	2024-12-13T11:01:09.616Z	2026-08-04T08:32:54.849Z
simo_prod	dm	vsim_availability_result_region10km	MANAGED	2024-12-13T08:48:37.424Z	2026-08-04T08:42:35.382Z
simo_prod	dm	vsim_availability_result_region5km	MANAGED	2024-09-30T07:09:42.223Z	2026-09-16T00:12:39.879Z
simo_prod	dm	vsim_availability_result_region5km_bak	MANAGED	2024-09-30T07:09:44.939Z	2026-09-07T00:16:33.551Z
simo_prod	dm	vsim_availability_result_region5km_redis	MANAGED	2024-09-30T07:09:50.448Z	2026-09-16T00:12:48.658Z
simo_prod	dm	vsim_availability_result_region5km_usc	MANAGED	2024-12-13T10:42:25.528Z	2026-08-04T08:35:32.193Z
simo_prod	dm	vsim_availability_result_to_redis	MANAGED	2024-12-13T11:01:05.526Z	2026-08-04T08:44:01.925Z
simo_prod	dm	vsim_availability_result_to_redis_usc	MANAGED	2024-12-13T11:00:51.787Z	2026-08-04T08:39:00.774Z
simo_prod	dm	vsim_availability_result_to_redis_usc01	MANAGED	2024-12-13T09:27:50.946Z	2026-08-04T08:43:44.741Z
simo_prod	dm	vsim_available_plmns	MANAGED	2024-09-24T09:57:06.242Z	2026-09-16T07:48:31.062Z
simo_prod	dm	vsim_available_plmns_hbase	MANAGED	2024-09-24T09:57:30.584Z	2026-09-16T07:49:43.264Z
simo_prod	dm	vsim_available_plmns_hbase_test	MANAGED	2024-09-24T09:57:33.005Z	2026-08-04T08:35:08.791Z
simo_prod	dm	vsim_available_plmns_to_redis	MANAGED	2024-12-13T10:42:22.723Z	2026-08-04T08:42:30.345Z
simo_prod	dm	vsim_available_plmns_to_redis_new	MANAGED	2024-09-24T09:57:27.943Z	2026-09-16T07:49:06.350Z
simo_prod	dm	vsim_card_last_location01	MANAGED	2024-12-13T09:57:45.546Z	2026-08-04T08:35:30.482Z
simo_prod	dm	vsim_card_use_plmn	MANAGED	2026-04-27T07:32:57.924Z	2026-08-29T01:54:23.752Z
simo_prod	dm	vsim_card_use_plmn_with_carriername	MANAGED	2026-04-27T09:30:15.683Z	2026-09-15T22:33:39.240Z
simo_prod	dm	vsim_cost_allocation_result	MANAGED	2026-07-30T09:54:28.018Z	2026-08-02T18:47:48.382Z
simo_prod	dm	vsim_cost_allocation_result_bak	MANAGED	2026-05-07T07:28:12.516Z	2026-08-06T00:13:18.426Z
simo_prod	dm	vsim_flow_inventory	MANAGED	2024-12-13T08:47:04.023Z	2026-09-16T08:00:37.490Z
simo_prod	dm	vsim_flow_inventory_v2_isolated	MANAGED	2026-08-04T07:43:48.062Z	2026-08-05T09:30:30.648Z
simo_prod	dm	vsim_plmn_priority_list_cellid	MANAGED	2024-09-26T10:26:40.015Z	2026-09-16T00:46:13.292Z
simo_prod	dm	vsim_plmn_priority_list_cellid_bak	MANAGED	2024-09-26T10:27:39.440Z	2026-09-16T00:46:55.445Z
simo_prod	dm	vsim_plmn_priority_list_cellid_log	MANAGED	2024-09-26T10:26:57.390Z	2026-09-16T00:46:31.767Z
simo_prod	dm	vsim_plmn_priority_list_cellid_redis	MANAGED	2024-09-26T10:26:52.170Z	2026-09-16T00:47:17.449Z
simo_prod	dm	vsim_plmn_priority_list_cellid_redis_add	MANAGED	2024-09-26T10:28:13.850Z	2026-09-16T00:47:25.845Z
simo_prod	dm	vsim_plmn_priority_list_cellid_redis_bak	MANAGED	2024-09-26T10:27:02.989Z	2026-09-16T00:47:40.560Z
simo_prod	dm	vsim_plmn_priority_list_cellid_redis_delete	MANAGED	2024-09-26T10:28:01.464Z	2026-09-16T00:47:31.682Z
simo_prod	dm	vsim_plmn_priority_list_lac	MANAGED	2024-09-26T10:27:37.040Z	2026-09-16T00:46:19.846Z
simo_prod	dm	vsim_plmn_priority_list_lac_bak	MANAGED	2024-09-26T10:27:11.128Z	2026-09-16T00:47:02.189Z
simo_prod	dm	vsim_plmn_priority_list_lac_log	MANAGED	2024-09-26T10:28:21.009Z	2026-09-16T00:46:37.802Z
simo_prod	dm	vsim_plmn_priority_list_mcc	MANAGED	2024-09-26T10:28:09.078Z	2026-09-16T00:46:24.380Z
simo_prod	dm	vsim_plmn_priority_list_mcc_bak	MANAGED	2024-09-26T10:26:42.787Z	2026-09-16T00:47:08.269Z
simo_prod	dm	vsim_plmn_priority_list_mcc_log	MANAGED	2024-09-26T10:27:41.843Z	2026-09-16T00:46:43.622Z
simo_prod	dm	vsim_plmn_update_daily_data_back	MANAGED	2024-12-13T10:42:19.679Z	2026-08-04T08:36:18.729Z
simo_prod	dm	vsim_plmn_update_hourly_data_back	MANAGED	2024-12-13T11:07:45.686Z	2026-08-04T08:39:47.185Z
simo_prod	dm	vsim_use_plmn_his	MANAGED	2026-05-06T08:01:58.306Z	2026-08-27T23:54:36.702Z
simo_prod	dm	vsimapplylog_missing_result	MANAGED	2024-12-13T10:42:12.357Z	2026-08-04T08:45:29.294Z
simo_prod	dm	vsimapplylog_missing_result_tmp1	MANAGED	2024-12-13T08:43:39.126Z	2026-08-04T08:37:30.135Z
simo_prod	dm	wifi_connect_channel	MANAGED	2024-09-26T11:08:48.587Z	2026-09-16T00:51:49.438Z
simo_prod	dm	wifi_connect_details_osi	MANAGED	2025-12-04T01:53:14.855Z	2026-09-16T00:46:33.741Z
simo_prod	dm	wifi_connect_details_osi_with_country	MANAGED	2024-09-26T11:08:46.111Z	2026-09-16T00:51:35.891Z
simo_prod	dm	wing_card_active_data_details	MANAGED	2025-12-23T09:07:00.653Z	2026-09-10T05:32:02.975Z
simo_prod	dm	wing_card_operation_data_details	MANAGED	2025-12-23T08:04:04.338Z	2026-09-02T04:11:00.967Z
simo_prod	dm	wrsim_availability_data_with_country_code	MANAGED	2024-10-01T11:22:11.288Z	2026-09-16T02:35:54.242Z
simo_prod	dm	wrsim_availability_data_with_region	MANAGED	2024-10-01T11:21:34.967Z	2026-09-16T04:34:14.237Z
simo_prod	dm	wrsim_availabity_data_country_result_redis	MANAGED	2024-10-01T11:24:17.187Z	2026-09-16T02:36:07.508Z
simo_prod	dm	wrsim_availabity_data_country_result_redis_t0	MANAGED	2024-10-15T12:24:48.125Z	2026-09-16T02:36:25.790Z
simo_prod	dm	wrsim_availabity_data_result_redis	MANAGED	2024-10-01T11:23:38.208Z	2026-09-16T02:35:27.746Z
simo_prod	dm	wrsim_availabity_data_result_redis_cellid	MANAGED	2024-10-01T11:22:26.519Z	2026-09-16T02:35:41.984Z
simo_prod	dw_view	cost_vsim_wing_card	VIEW	2026-04-28T08:45:40.990Z	2026-06-30T08:10:05.471Z
simo_prod	dwd	abnormal_restart_equipment_details	MANAGED	2024-09-19T11:43:01.911Z	2026-09-16T00:31:43.794Z
simo_prod	dwd	abnormal_restart_equipment_details_with_time_period	MANAGED	2024-09-19T11:43:11.231Z	2026-09-16T00:31:49.076Z
simo_prod	dwd	account_productid_relation_result	MANAGED	2024-10-29T06:54:49.309Z	2026-08-04T08:46:54.113Z
simo_prod	dwd	account_productid_relation_result_new	MANAGED	2025-12-10T07:10:42.130Z	2026-09-16T07:10:28.776Z
simo_prod	dwd	account_productid_relation_result_new1	MANAGED	2026-04-27T10:36:07.888Z	2026-09-16T07:10:30.139Z
simo_prod	dwd	account_state	MANAGED	2024-09-19T11:31:38.305Z	2026-09-16T00:05:50.000Z
simo_prod	dwd	all_cellid_data_from_bosslog	MANAGED	2024-10-28T07:35:27.765Z	2026-09-16T00:24:40.137Z
simo_prod	dwd	all_cellid_data_from_bosslog_with_dt	MANAGED	2024-12-13T11:28:33.440Z	2026-08-04T08:40:32.181Z
simo_prod	dwd	all_cellid_data_from_bosslog_with_gps	MANAGED	2024-12-13T10:25:33.333Z	2026-08-04T08:32:21.353Z
simo_prod	dwd	all_cellid_data_from_bosslog_without_gps	MANAGED	2024-12-13T12:32:44.563Z	2026-08-04T08:41:47.675Z
simo_prod	dwd	all_cellid_from_log	MANAGED	2024-12-13T13:23:38.644Z	2026-08-04T08:33:00.875Z
simo_prod	dwd	all_cellid_from_log_need_repair	MANAGED	2024-12-13T12:29:10.053Z	2026-08-04T08:38:30.845Z
simo_prod	dwd	all_cellid_from_log_need_repair_from_bosslog	MANAGED	2024-12-13T09:59:21.027Z	2026-08-04T08:40:09.241Z
simo_prod	dwd	all_cellid_from_log_need_repair_from_bosslog01	MANAGED	2024-12-13T11:47:58.171Z	2026-08-04T08:39:08.300Z
simo_prod	dwd	all_cellid_from_log_need_repair_from_bosslog02	MANAGED	2024-12-13T11:28:37.432Z	2026-08-04T08:37:13.567Z
simo_prod	dwd	all_cellid_from_log_need_repair_from_bosslog03	MANAGED	2024-12-13T11:23:49.287Z	2026-08-04T08:45:59.178Z
simo_prod	dwd	all_cellid_from_log_need_repair_result	MANAGED	2024-12-13T11:20:21.034Z	2026-08-04T08:36:47.586Z
simo_prod	dwd	all_cellid_from_log_need_repair_result01	MANAGED	2024-12-13T10:00:36.484Z	2026-08-04T08:42:12.913Z
simo_prod	dwd	all_cellid_from_log_need_repair_result03	MANAGED	2024-12-13T12:26:49.934Z	2026-08-04T08:32:59.299Z
simo_prod	dwd	all_cellid_from_log_repair_result	MANAGED	2024-12-13T07:23:34.564Z	2026-08-04T08:35:20.232Z
simo_prod	dwd	all_cellid_from_log_with_dt_gps	MANAGED	2024-12-13T10:30:17.549Z	2026-08-04T08:43:41.517Z
simo_prod	dwd	all_cellid_from_log_without_gps	MANAGED	2024-12-13T10:03:36.647Z	2026-08-04T08:38:32.454Z
simo_prod	dwd	apdu_log_datas	MANAGED	2024-12-13T10:21:50.479Z	2026-08-04T08:42:57.748Z
simo_prod	dwd	apply_change_plmnsel_data	MANAGED	2024-09-26T10:26:54.830Z	2026-08-04T08:43:24.916Z
simo_prod	dwd	apply_change_plmnsel_data_tmp	MANAGED	2024-09-26T10:28:16.305Z	2026-08-04T08:48:27.911Z
simo_prod	dwd	apply_change_plmnsel_swap_data	MANAGED	2024-09-26T10:27:44.627Z	2026-08-04T08:35:13.616Z
simo_prod	dwd	apply_change_plmnsel_swap_result_data	MANAGED	2024-09-26T10:26:46.355Z	2026-09-16T00:38:53.254Z
simo_prod	dwd	apply_log_datas	MANAGED	2024-10-28T09:28:28.747Z	2026-08-04T08:46:29.681Z
simo_prod	dwd	apply_response_datas	MANAGED	2024-09-26T10:27:32.194Z	2026-08-04T08:32:42.137Z
simo_prod	dwd	apply_rsimlog	MANAGED	2024-12-13T13:23:18.366Z	2026-08-04T08:35:14.178Z
simo_prod	dwd	asset_state	MANAGED	2026-01-05T02:15:04.167Z	2026-09-16T00:07:45.658Z
simo_prod	dwd	asset_state_tmp	MANAGED	2024-12-13T10:00:01.659Z	2026-08-04T08:40:45.068Z
simo_prod	dwd	assets_revenue	MANAGED	2024-09-23T15:42:39.174Z	2026-08-04T08:32:47.609Z
simo_prod	dwd	avaliable_cdr	MANAGED	2024-12-13T11:10:50.176Z	2026-08-04T08:36:03.164Z
simo_prod	dwd	b_bsp_cmts_to_buy_product_details	MANAGED	2024-09-23T15:40:54.954Z	2026-08-04T08:47:07.352Z
simo_prod	dwd	band_data_region_5km	MANAGED	2024-12-13T15:25:13.196Z	2026-08-04T08:36:00.682Z
simo_prod	dwd	bandwidth_region_5km_rank	MANAGED	2024-12-13T10:25:36.808Z	2026-08-04T08:43:32.377Z
simo_prod	dwd	bosslog_gps_info	MANAGED	2025-05-06T08:43:54.768Z	2026-07-29T17:56:33.668Z
simo_prod	dwd	bsp_pms_sku_info	MANAGED	2024-09-13T10:30:45.415Z	2026-09-16T00:46:55.004Z
simo_prod	dwd	card_inventory_product_basic_data	MANAGED	2025-09-15T02:25:45.180Z	2026-09-15T22:33:53.132Z
simo_prod	dwd	card_inventory_product_basic_data01	MANAGED	2025-09-16T09:01:17.357Z	2026-09-16T08:02:34.107Z
simo_prod	dwd	card_inventory_product_basic_data02	MANAGED	2025-11-20T06:09:29.869Z	2026-09-16T08:02:52.382Z
simo_prod	dwd	card_inventory_product_basic_data02_his	MANAGED	2026-05-06T09:07:33.765Z	2026-08-28T02:54:52.770Z
simo_prod	dwd	card_inventory_product_basic_data03	MANAGED	2026-03-05T03:16:40.978Z	2026-09-16T08:02:54.796Z
simo_prod	dwd	card_inventory_product_basic_data03_his	MANAGED	2026-05-06T09:13:46.285Z	2026-08-28T00:56:21.431Z
simo_prod	dwd	card_inventory_product_basic_data_his_bak	MANAGED	2025-09-19T03:12:29.285Z	2026-09-16T08:02:37.138Z
simo_prod	dwd	card_inventory_product_basic_data_his_bak_his	MANAGED	2026-05-06T08:20:19.530Z	2026-08-27T13:06:24.468Z
simo_prod	dwd	card_inventory_product_basic_data_his_bak_his_add	MANAGED	2026-05-07T03:41:30.262Z	2026-08-29T00:59:29.612Z
simo_prod	dwd	card_inventory_product_basic_data_result	MANAGED	2025-11-19T02:50:51.708Z	2026-09-16T08:03:04.458Z
simo_prod	dwd	card_inventory_product_basic_data_result_with_carrier	MANAGED	2026-03-05T03:34:04.619Z	2026-09-16T08:02:58.099Z
simo_prod	dwd	cdr_detail_for_map_display	MANAGED	2024-10-29T06:28:53.149Z	2026-08-04T08:41:31.528Z
simo_prod	dwd	cdr_heartbeat_mtk_all_plmns	MANAGED	2024-10-01T11:22:04.075Z	2026-08-04T08:46:25.987Z
simo_prod	dwd	cdr_plmn_basicdata	MANAGED	2024-10-01T11:23:13.600Z	2026-09-16T02:31:16.334Z
simo_prod	dwd	cdr_plmn_basicdata_tmp	MANAGED	2024-12-19T02:40:52.860Z	2026-06-30T08:10:59.581Z
simo_prod	dwd	cdr_plmn_basicdata_with_region	MANAGED	2024-10-01T11:22:45.931Z	2026-09-16T02:31:54.007Z
simo_prod	dwd	cellid_core_tmp	MANAGED	2024-12-13T07:23:24.365Z	2026-08-04T08:32:30.748Z
simo_prod	dwd	cellid_data_japaneseairport_5km	MANAGED	2024-12-13T11:50:50.650Z	2026-08-04T08:38:29.134Z
simo_prod	dwd	cellid_data_japanesestations_5km	MANAGED	2024-12-13T09:57:43.581Z	2026-08-04T08:32:22.223Z
simo_prod	dwd	cellid_from_heartbeat	MANAGED	2024-10-28T07:35:23.725Z	2026-09-09T18:25:11.036Z
simo_prod	dwd	cellid_from_heartbeat_tmp	MANAGED	2024-12-13T12:26:29.545Z	2026-08-04T08:37:29.796Z
simo_prod	dwd	cellid_gps_confirmed	MANAGED	2025-04-22T08:29:02.655Z	2026-07-25T08:29:13.945Z
simo_prod	dwd	cellid_gps_confirmed02	MANAGED	2025-04-25T05:44:44.833Z	2026-07-25T10:35:31.539Z
simo_prod	dwd	cellid_gps_info	MANAGED	2025-12-02T01:52:47.916Z	2026-09-16T00:22:19.971Z
simo_prod	dwd	cellid_gps_info_30min_tmp	MANAGED	2024-09-17T07:37:53.233Z	2026-08-04T08:39:58.612Z
simo_prod	dwd	cellid_gps_info_avg_gps_address	MANAGED	2024-12-13T11:54:27.257Z	2026-08-04T08:37:45.390Z
simo_prod	dwd	cellid_gps_info_avg_gps_tmp	MANAGED	2024-12-13T11:10:25.482Z	2026-08-04T08:39:01.084Z
simo_prod	dwd	cellid_gps_info_avg_gps_tmp_address	MANAGED	2024-12-13T11:10:31.313Z	2026-08-04T08:47:09.987Z
simo_prod	dwd	cellid_gps_info_lbs_repair_data	MANAGED	2024-12-13T10:26:10.293Z	2026-08-04T08:41:24.127Z
simo_prod	dwd	cellid_gps_info_row_num	MANAGED	2024-12-13T09:59:50.127Z	2026-08-04T08:32:21.634Z
simo_prod	dwd	cellid_gps_info_tmp_20220815025240	MANAGED	2024-12-13T10:30:26.355Z	2026-08-04T08:38:57.384Z
simo_prod	dwd	cellid_gps_info_tmp_20220916023117	MANAGED	2024-12-13T12:36:01.875Z	2026-08-04T08:44:48.501Z
simo_prod	dwd	cellid_gps_info_tmp_20220922014650	MANAGED	2024-12-13T07:24:15.836Z	2026-08-04T08:42:12.187Z
simo_prod	dwd	cellid_gps_info_tmp_kevin	MANAGED	2024-12-13T11:51:44.164Z	2026-08-04T08:35:49.508Z
simo_prod	dwd	cellid_gps_location	MANAGED	2024-12-13T09:59:04.526Z	2026-08-04T08:41:32.565Z
simo_prod	dwd	cellid_gps_repair_by_lbs_data	MANAGED	2024-12-13T12:26:46.479Z	2026-08-04T08:41:47.341Z
simo_prod	dwd	cellid_gps_unconfirmed	MANAGED	2025-04-23T07:18:04.306Z	2026-07-21T15:43:22.019Z
simo_prod	dwd	cellid_gps_unconfirmed02	MANAGED	2025-04-25T07:23:32.671Z	2026-07-21T15:43:21.908Z
simo_prod	dwd	cellid_jobs_info	MANAGED	2024-12-13T09:58:55.007Z	2026-08-04T08:40:43.769Z
simo_prod	dwd	cellid_member_tmp	MANAGED	2024-12-13T12:26:33.479Z	2026-08-04T08:36:30.719Z
simo_prod	dwd	cellid_region_info	MANAGED	2024-12-13T11:30:09.700Z	2026-08-04T08:38:47.956Z
simo_prod	dwd	cellid_region_info_step1_tmp	MANAGED	2024-12-13T12:25:37.743Z	2026-08-04T08:32:17.982Z
simo_prod	dwd	cellid_region_info_tmp	MANAGED	2024-12-13T11:21:56.023Z	2026-08-04T08:42:27.437Z
simo_prod	dwd	cellid_region_info_tmp_20220815	MANAGED	2024-12-13T07:39:07.955Z	2026-08-04T08:31:56.409Z
simo_prod	dwd	cellid_region_info_tmp_20220815092203	MANAGED	2024-12-13T15:20:01.750Z	2026-08-04T08:40:12.676Z
simo_prod	dwd	cellid_region_info_tmp_20220815123316	MANAGED	2024-12-13T12:29:17.944Z	2026-08-04T08:39:35.800Z
simo_prod	dwd	cellid_region_info_tmp_20220816	MANAGED	2024-12-13T15:20:05.735Z	2026-08-04T08:44:46.623Z
simo_prod	dwd	cellid_region_info_tmp_job_20220817024745	MANAGED	2024-12-13T09:57:47.876Z	2026-08-04T08:35:13.908Z
simo_prod	dwd	cellid_repair_by_heartbeat	MANAGED	2025-04-25T08:13:56.218Z	2026-07-26T01:27:29.312Z
simo_prod	dwd	cellid_special_area_info	MANAGED	2025-12-02T01:55:47.595Z	2026-09-15T23:33:00.466Z
simo_prod	dwd	cellid_special_area_info_30min_tmp	MANAGED	2024-09-17T07:15:55.140Z	2026-08-04T08:43:18.731Z
simo_prod	dwd	cellid_special_area_info_by_hand	MANAGED	2024-12-13T10:21:54.751Z	2026-08-04T08:35:18.330Z
simo_prod	dwd	cellid_special_lac_info	MANAGED	2024-12-13T11:51:48.711Z	2026-08-04T08:45:11.080Z
simo_prod	dwd	change_card_log_datas	MANAGED	2024-10-28T09:29:36.421Z	2026-08-04T08:38:50.231Z
simo_prod	dwd	change_response_datas	MANAGED	2024-09-26T10:27:49.388Z	2026-08-04T08:32:00.499Z
simo_prod	dwd	conversion_of_equipment_monthly	MANAGED	2024-12-13T11:50:46.596Z	2026-08-04T08:37:22.814Z
simo_prod	dwd	core_dse_applylog_result	MANAGED	2024-11-21T06:32:24.067Z	2026-09-08T09:09:03.305Z
simo_prod	dwd	core_dse_applylog_result02	MANAGED	2024-09-30T07:09:15.888Z	2026-08-04T08:38:17.349Z
simo_prod	dwd	core_product_category_result	MANAGED	2024-10-29T06:53:56.303Z	2026-09-16T07:10:25.510Z
simo_prod	dwd	country_account_miss_card_data	MANAGED	2025-09-16T06:56:42.350Z	2026-09-09T18:27:00.047Z
simo_prod	dwd	country_account_miss_card_data_with_carrier	MANAGED	2026-03-04T07:33:57.957Z	2026-09-02T15:05:34.433Z
simo_prod	dwd	delay_udr_last_month	MANAGED	2024-12-13T12:34:07.468Z	2026-08-04T08:39:20.697Z
simo_prod	dwd	device_allstate_duration_time_daily_with_mnc	MANAGED	2024-12-13T12:26:12.389Z	2026-08-04T08:40:38.917Z
simo_prod	dwd	device_available_service_data	MANAGED	2026-01-29T06:49:27.105Z	2026-09-16T07:16:26.574Z
simo_prod	dwd	device_available_service_data_add	MANAGED	2026-01-29T06:53:42.265Z	2026-09-16T07:16:20.335Z
simo_prod	dwd	device_availabletime_hourly_data	MANAGED	2026-01-29T06:56:12.387Z	2026-09-16T07:17:19.002Z
simo_prod	dwd	device_availabletime_hourly_data_to_ck	MANAGED	2026-02-03T03:01:08.877Z	2026-09-16T07:17:39.677Z
simo_prod	dwd	device_cellid_gps_medin	MANAGED	2025-04-28T07:54:40.169Z	2026-07-28T08:24:10.036Z
simo_prod	dwd	device_confirmbandwidth_daily	MANAGED	2024-12-13T13:33:21.784Z	2026-08-04T08:36:06.103Z
simo_prod	dwd	device_connection_hourly_data	MANAGED	2026-01-19T06:16:07.630Z	2026-09-16T07:15:51.529Z
simo_prod	dwd	device_connection_hourly_data_add_data	MANAGED	2026-01-19T06:37:14.137Z	2026-09-16T07:15:45.350Z
simo_prod	dwd	device_connection_hourly_data_to_ck	MANAGED	2026-02-03T02:36:59.088Z	2026-09-16T07:18:29.200Z
simo_prod	dwd	device_connecttime_hourly_data	MANAGED	2026-01-29T06:12:32.004Z	2026-09-16T07:17:09.630Z
simo_prod	dwd	device_connecttime_hourly_data_to_ck	MANAGED	2026-02-03T02:58:24.448Z	2026-09-16T07:17:52.090Z
simo_prod	dwd	device_downtime_basic_data	MANAGED	2026-01-28T03:27:23.544Z	2026-09-16T07:16:16.123Z
simo_prod	dwd	device_downtime_basic_data_add	MANAGED	2026-01-28T07:41:36.658Z	2026-09-16T07:16:09.665Z
simo_prod	dwd	device_downtime_hourly_data	MANAGED	2026-01-28T07:33:12.811Z	2026-09-16T07:16:59.132Z
simo_prod	dwd	device_downtime_hourly_data_to_ck	MANAGED	2026-02-03T02:53:51.484Z	2026-09-16T07:18:03.346Z
simo_prod	dwd	device_failed_hourly_data	MANAGED	2026-01-30T06:58:51.933Z	2026-09-16T07:17:29.412Z
simo_prod	dwd	device_failed_service_data	MANAGED	2026-01-30T06:15:33.101Z	2026-09-16T07:16:53.970Z
simo_prod	dwd	device_failed_service_data_add	MANAGED	2026-01-30T06:27:13.091Z	2026-09-16T07:16:41.471Z
simo_prod	dwd	device_ismi_duration	MANAGED	2024-12-13T10:25:25.597Z	2026-08-04T08:38:25.891Z
simo_prod	dwd	device_replacement_hourly_data	MANAGED	2026-01-19T09:48:10.145Z	2026-09-16T07:16:03.076Z
simo_prod	dwd	device_replacement_hourly_data_add_data	MANAGED	2026-01-19T09:52:57.703Z	2026-09-16T07:15:57.586Z
simo_prod	dwd	device_replacement_hourly_data_to_ck	MANAGED	2026-02-03T02:49:14.461Z	2026-09-16T07:18:13.824Z
simo_prod	dwd	device_status_comparison_detail	MANAGED	2024-09-19T11:31:55.974Z	2026-09-16T00:30:47.761Z
simo_prod	dwd	device_status_comparison_detail01	MANAGED	2024-09-19T11:49:06.532Z	2026-09-16T00:31:47.510Z
simo_prod	dwd	device_status_comparison_detail01_bak	MANAGED	2025-07-16T02:36:21.160Z	2026-06-30T08:10:46.018Z
simo_prod	dwd	device_status_comparison_detail_tmp	MANAGED	2024-12-13T12:01:40.262Z	2026-08-04T08:32:29.879Z
simo_prod	dwd	device_userbandwidth_daily	MANAGED	2024-12-13T10:23:33.522Z	2026-08-04T08:32:53.361Z
simo_prod	dwd	devive_num_card_switching_daily	MANAGED	2024-12-13T15:25:17.878Z	2026-08-04T08:37:52.791Z
simo_prod	dwd	dse_vsim_apply_log_repair	MANAGED	2024-12-25T03:31:11.158Z	2026-07-24T14:32:09.485Z
simo_prod	dwd	duration_card_insertion_to_success	MANAGED	2024-12-13T12:34:24.299Z	2026-08-04T08:38:45.495Z
simo_prod	dwd	dwd_consumers	VIEW	2025-08-18T10:36:25.129Z	2026-06-30T08:10:59.416Z
simo_prod	dwd	equipment_loss_monthly	MANAGED	2024-09-23T15:42:09.065Z	2026-08-04T08:41:27.249Z
simo_prod	dwd	equipment_loss_period_month	MANAGED	2024-09-23T15:42:01.395Z	2026-08-04T08:48:10.443Z
simo_prod	dwd	equipment_loss_recall_monthly	MANAGED	2024-09-23T15:42:21.433Z	2026-08-04T08:42:24.360Z
simo_prod	dwd	equipment_loss_recall_retained_gig_monthly	MANAGED	2024-09-23T16:26:24.826Z	2026-08-04T08:45:52.681Z
simo_prod	dwd	equipment_loss_recall_retained_monthly	MANAGED	2024-09-23T16:25:29.351Z	2026-08-04T08:32:43.316Z
simo_prod	dwd	equipment_lost_every_monthly	MANAGED	2024-09-23T15:42:03.873Z	2026-08-04T08:35:46.545Z
simo_prod	dwd	equipment_lost_every_monthly_with_gid	MANAGED	2024-09-23T15:42:06.470Z	2026-08-04T08:46:15.200Z
simo_prod	dwd	equipment_lost_every_monthly_with_gid_sku	MANAGED	2024-12-13T07:24:21.692Z	2026-08-04T08:32:34.030Z
simo_prod	dwd	equipment_recall_2retained_monthly	MANAGED	2024-09-23T15:42:18.927Z	2026-08-04T08:38:01.421Z
simo_prod	dwd	equipment_recall_2retained_period_month	MANAGED	2024-09-23T15:42:16.440Z	2026-08-04T08:39:31.173Z
simo_prod	dwd	equipment_recall_every_monthly	MANAGED	2024-09-23T15:42:11.447Z	2026-08-04T08:39:19.524Z
simo_prod	dwd	equipment_recall_period_month	MANAGED	2024-09-23T15:42:14.007Z	2026-08-04T08:44:21.867Z
simo_prod	dwd	equipment_retained_after_purchase_monthly	MANAGED	2024-09-23T15:42:26.665Z	2026-08-04T08:32:06.530Z
simo_prod	dwd	equipment_retained_monthly	MANAGED	2024-09-23T15:42:23.781Z	2026-08-04T08:35:21.081Z
simo_prod	dwd	failuers_reason_detail_daily	MANAGED	2024-09-19T12:24:34.179Z	2026-09-16T00:31:24.260Z
simo_prod	dwd	failures_caused_by_sim_products	MANAGED	2026-01-30T08:09:07.989Z	2026-09-16T07:18:40.427Z
simo_prod	dwd	flow_inventory_billing_info	MANAGED	2024-12-13T10:25:18.489Z	2026-09-15T22:33:37.097Z
simo_prod	dwd	flow_inventory_billing_info_backup_20260804	MANAGED	2026-08-04T09:45:48.709Z	2026-08-04T10:46:52.321Z
simo_prod	dwd	flow_inventory_billing_info_v2_isolated	MANAGED	2026-08-04T07:42:29.497Z	2026-08-11T11:35:51.052Z
simo_prod	dwd	flow_inventory_country_cycle	MANAGED	2024-12-13T12:25:53.540Z	2026-09-16T08:00:13.364Z
simo_prod	dwd	flow_inventory_country_cycle_agg	MANAGED	2026-08-04T01:59:31.536Z	2026-09-16T06:31:43.390Z
simo_prod	dwd	flow_inventory_country_cycle_agg_backup_20260804	MANAGED	2026-08-04T07:02:16.855Z	2026-08-05T07:48:35.386Z
simo_prod	dwd	flow_inventory_country_cycle_agg_backup_20260805	MANAGED	2026-08-05T06:24:18.035Z	2026-08-05T07:48:32.875Z
simo_prod	dwd	flow_inventory_country_cycle_agg_backup_20260805_before_defect5fix	MANAGED	2026-08-05T08:31:56.944Z	2026-08-29T00:59:41.572Z
simo_prod	dwd	flow_inventory_country_cycle_agg_backup_20260806	MANAGED	2026-08-06T02:22:02.423Z	2026-08-06T04:03:26.531Z
simo_prod	dwd	flow_inventory_country_cycle_v2_isolated	MANAGED	2026-08-04T07:42:03.213Z	2026-08-05T09:30:10.639Z
simo_prod	dwd	hearbeat_card_network_basicdata	MANAGED	2024-12-13T11:30:15.094Z	2026-08-04T08:40:04.028Z
simo_prod	dwd	hearbeat_telus_network_failed_data	MANAGED	2024-12-13T12:26:42.442Z	2026-08-04T08:30:45.258Z
simo_prod	dwd	hearbeat_telus_network_sucess_data	MANAGED	2024-12-13T12:26:37.826Z	2026-08-04T08:42:51.419Z
simo_prod	dwd	hearbeat_userbanwith	MANAGED	2024-12-13T13:22:25.216Z	2026-08-04T08:38:40.928Z
simo_prod	dwd	heartbeat_log_data	MANAGED	2024-12-13T15:18:41.386Z	2026-08-04T08:36:37.759Z
simo_prod	dwd	heartbeat_plmn_basicdata	MANAGED	2024-10-01T11:22:53.672Z	2026-09-16T02:32:11.833Z
simo_prod	dwd	heartbeat_plmn_basicdata_rsim	MANAGED	2024-10-01T11:22:08.885Z	2026-09-16T02:32:22.076Z
simo_prod	dwd	heartbeat_plmn_basicdata_with_region	MANAGED	2024-10-01T11:22:41.155Z	2026-09-16T02:32:42.266Z
simo_prod	dwd	heartbeat_plmn_basicdata_with_region_rsim	MANAGED	2024-10-01T11:23:15.906Z	2026-09-16T02:33:17.551Z
simo_prod	dwd	high_frequency_users_monthly	MANAGED	2024-09-23T15:41:29.537Z	2026-08-04T08:42:36.803Z
simo_prod	dwd	imsi_lastest_record	MANAGED	2025-05-30T10:39:15.130Z	2026-09-15T17:41:53.620Z
simo_prod	dwd	imsi_prodid_tmp	MANAGED	2024-12-13T09:57:56.081Z	2026-08-04T08:39:09.562Z
simo_prod	dwd	japanese_ts_cdr_useage	MANAGED	2024-12-13T11:20:11.681Z	2026-08-04T08:41:13.443Z
simo_prod	dwd	japanese_ts_device_log_data	MANAGED	2024-12-13T12:35:52.758Z	2026-08-04T08:46:19.345Z
simo_prod	dwd	japanese_ts_device_log_with_cdr	MANAGED	2024-12-13T12:28:35.187Z	2026-08-04T08:40:56.688Z
simo_prod	dwd	japanese_ts_device_log_with_cdr_details	MANAGED	2024-12-13T15:25:08.229Z	2026-08-04T08:41:49.707Z
simo_prod	dwd	japanese_ts_device_log_with_distance	MANAGED	2024-12-13T11:31:43.774Z	2026-08-04T08:45:10.336Z
simo_prod	dwd	japanese_ts_device_log_with_station	MANAGED	2024-12-13T10:24:54.720Z	2026-08-04T08:32:04.252Z
simo_prod	dwd	job_watermark	MANAGED	2026-09-07T08:28:50.683Z	2026-09-13T12:30:15.861Z
simo_prod	dwd	last_month_paied_this_month_payment	MANAGED	2024-09-23T15:42:31.682Z	2026-08-04T08:40:34.333Z
simo_prod	dwd	loadprofile_logs	MANAGED	2026-01-26T09:15:54.203Z	2026-09-02T11:10:26.072Z
simo_prod	dwd	loadprofile_logs_his	MANAGED	2024-09-26T08:10:29.644Z	2026-08-04T08:42:59.731Z
simo_prod	dwd	lost_users_the_last1years_statistical_month	MANAGED	2024-09-23T15:42:45.561Z	2026-08-04T08:32:12.876Z
simo_prod	dwd	monthly_cumulative_conversion_of_paid_equipment	MANAGED	2024-09-23T15:42:36.683Z	2026-08-04T08:40:33.216Z
simo_prod	dwd	monthly_new_users	MANAGED	2024-09-23T15:41:26.888Z	2026-08-04T08:39:36.718Z
simo_prod	dwd	mtk_plmn_basicdata	MANAGED	2024-10-01T11:22:56.349Z	2026-09-16T02:33:24.609Z
simo_prod	dwd	mtk_plmn_basicdata_with_region	MANAGED	2024-10-01T11:24:02.374Z	2026-09-16T02:33:30.223Z
simo_prod	dwd	mv_card_inventory_metrics	METRIC_VIEW	2026-04-10T08:19:00.346Z	2026-07-15T02:40:31.321Z
simo_prod	dwd	networkplmn_from_heartbeat	MANAGED	2024-12-13T15:26:41.371Z	2026-08-04T08:32:18.772Z
simo_prod	dwd	new_paying_converted_shipped_previous3months	MANAGED	2024-09-23T15:42:43.139Z	2026-08-04T08:41:21.229Z
simo_prod	dwd	npms_frame_data	MANAGED	2024-09-26T08:10:08.736Z	2026-08-04T08:36:56.410Z
simo_prod	dwd	npms_full_frame_data	MANAGED	2024-09-26T08:10:24.462Z	2026-08-04T08:36:49.813Z
simo_prod	dwd	npms_hearbeat_data	MANAGED	2024-09-26T08:10:14.451Z	2026-09-16T00:35:28.310Z
simo_prod	dwd	npms_hearbeat_data01	MANAGED	2024-09-26T08:10:27.083Z	2026-09-16T07:34:07.674Z
simo_prod	dwd	npms_hearbeat_data02	MANAGED	2024-12-13T11:50:42.397Z	2026-08-04T08:32:26.225Z
simo_prod	dwd	npms_hearbeat_data03	MANAGED	2024-12-13T11:19:14.416Z	2026-08-04T08:38:16.178Z
simo_prod	dwd	npms_hearbeat_data04	MANAGED	2024-12-13T07:23:50.019Z	2026-08-04T08:46:01.458Z
simo_prod	dwd	npms_hearbeat_data05	MANAGED	2024-12-13T11:10:53.911Z	2026-08-04T08:39:22.055Z
simo_prod	dwd	npms_hearbeat_data06	MANAGED	2024-12-13T15:26:26.456Z	2026-08-04T08:41:44.101Z
simo_prod	dwd	npms_hearbeat_data07	MANAGED	2024-12-13T12:33:26.366Z	2026-08-04T08:44:49.615Z
simo_prod	dwd	npms_hearbeat_rank10_data	MANAGED	2024-12-13T11:23:06.900Z	2026-08-04T08:40:58.429Z
simo_prod	dwd	npms_hearbeat_rank_data	MANAGED	2024-12-13T13:22:44.929Z	2026-08-04T08:39:16.513Z
simo_prod	dwd	npms_limit_speed	MANAGED	2024-12-13T11:22:20.236Z	2026-08-04T08:40:01.524Z
simo_prod	dwd	npms_result_data	MANAGED	2024-09-26T08:10:00.060Z	2026-08-04T08:42:36.445Z
simo_prod	dwd	npms_result_data_cellid	MANAGED	2024-10-01T10:30:22.454Z	2026-09-16T07:34:42.368Z
simo_prod	dwd	npms_result_data_region	MANAGED	2024-10-01T10:26:18.535Z	2026-09-16T07:34:17.755Z
simo_prod	dwd	npms_satisfied_data	MANAGED	2024-09-26T08:10:16.920Z	2026-08-04T08:41:37.692Z
simo_prod	dwd	online_snapshot	MANAGED	2024-09-20T09:52:58.558Z	2026-08-31T11:56:23.096Z
simo_prod	dwd	order_his_details	MANAGED	2024-09-23T15:40:59.074Z	2026-08-04T08:39:29.199Z
simo_prod	dwd	order_his_details_02	MANAGED	2024-09-23T15:41:24.161Z	2026-08-04T08:32:05.678Z
simo_prod	dwd	order_his_details_02_only_sc	VIEW	2025-02-25T03:46:20.108Z	2026-08-04T08:41:35.900Z
simo_prod	dwd	order_his_details_02_with_sc	VIEW	2025-02-21T06:31:42.355Z	2026-08-04T08:46:17.671Z
simo_prod	dwd	order_his_details_lastest_3month	MANAGED	2024-09-23T15:41:32.077Z	2026-08-04T08:37:04.977Z
simo_prod	dwd	order_his_details_only_sc	VIEW	2025-02-25T03:45:49.897Z	2026-08-04T08:42:58.364Z
simo_prod	dwd	order_his_details_with_sc	VIEW	2025-02-21T06:31:30.361Z	2026-08-04T08:35:01.991Z
simo_prod	dwd	order_with_usage_asset_data_daily	MANAGED	2024-09-23T15:41:56.405Z	2026-08-04T08:39:38.640Z
simo_prod	dwd	order_with_usage_asset_data_monthly	MANAGED	2024-09-23T15:41:58.889Z	2026-08-04T08:47:01.095Z
simo_prod	dwd	order_with_usage_asset_data_monthly02	MANAGED	2024-09-23T16:24:18.296Z	2026-08-04T08:32:25.686Z
simo_prod	dwd	osi_rsim_apply_data	MANAGED	2024-12-13T12:25:49.583Z	2026-08-04T08:42:40.127Z
simo_prod	dwd	osi_rsim_apply_data_tmp1	MANAGED	2024-12-13T12:33:35.038Z	2026-08-04T08:39:26.319Z
simo_prod	dwd	osi_rsim_apply_data_tmp2	MANAGED	2024-12-13T10:22:06.922Z	2026-08-04T08:35:53.925Z
simo_prod	dwd	osi_rsim_apply_data_tmp3	MANAGED	2024-12-13T12:26:25.077Z	2026-08-04T08:37:40.474Z
simo_prod	dwd	osi_rsim_apply_data_tmp4	MANAGED	2024-12-13T12:26:06.668Z	2026-08-04T08:41:50.707Z
simo_prod	dwd	osi_srsim_urc_info	MANAGED	2024-10-01T11:23:52.925Z	2026-09-16T06:31:58.176Z
simo_prod	dwd	osi_srsim_use_info	MANAGED	2024-10-01T11:22:28.872Z	2026-09-16T02:37:12.756Z
simo_prod	dwd	osi_srsim_use_info02	MANAGED	2024-10-01T11:21:56.095Z	2026-09-16T02:37:28.783Z
simo_prod	dwd	osi_sstp_connected	MANAGED	2024-12-13T11:22:45.447Z	2026-08-04T08:40:49.016Z
simo_prod	dwd	osilog_with_rank	MANAGED	2024-12-13T11:09:25.976Z	2026-08-04T08:45:19.935Z
simo_prod	dwd	osilog_with_rank_and_sessionid	MANAGED	2024-12-13T08:20:58.638Z	2026-08-04T08:41:06.349Z
simo_prod	dwd	osilog_with_rank_and_sessionid_repairtime_01	MANAGED	2024-12-13T09:11:44.395Z	2026-08-04T08:35:10.011Z
simo_prod	dwd	osilog_with_rank_and_sessionid_repairtime_result	MANAGED	2024-12-13T09:57:12.804Z	2026-08-04T08:32:29.609Z
simo_prod	dwd	osilog_with_session	MANAGED	2024-12-13T09:12:03.079Z	2026-08-04T08:36:32.499Z
simo_prod	dwd	payment_last_month	MANAGED	2024-09-23T15:42:29.332Z	2026-08-04T08:46:24.702Z
simo_prod	dwd	plmn_available_for_products_basicdata	MANAGED	2024-10-01T11:24:19.575Z	2026-09-16T02:31:12.416Z
simo_prod	dwd	plmn_available_for_products_basicdata01	MANAGED	2024-10-01T11:24:31.195Z	2026-09-16T02:31:45.062Z
simo_prod	dwd	plmn_available_for_products_basicdata02	MANAGED	2024-10-01T11:22:48.853Z	2026-09-16T02:31:57.683Z
simo_prod	dwd	plmnlist_from_apply_change	MANAGED	2024-12-13T11:23:54.159Z	2026-08-04T08:37:48.015Z
simo_prod	dwd	plmnlist_from_heartbeat	MANAGED	2024-12-13T11:47:54.648Z	2026-08-04T08:32:17.084Z
simo_prod	dwd	prior_each_statistical_month_all	MANAGED	2024-09-23T15:41:39.758Z	2026-08-04T08:44:17.272Z
simo_prod	dwd	prior_each_statistical_month_all_202101	MANAGED	2024-09-23T15:42:34.306Z	2026-08-04T08:46:03.624Z
simo_prod	dwd	real_asset	MANAGED	2024-09-17T08:08:45.226Z	2026-09-16T07:44:00.830Z
simo_prod	dwd	real_asset_bak	MANAGED	2025-01-20T03:35:09.189Z	2026-09-16T00:07:07.907Z
simo_prod	dwd	real_asset_completion	MANAGED	2024-09-19T11:31:48.338Z	2026-09-16T00:06:52.505Z
simo_prod	dwd	real_asset_tmp	MANAGED	2024-12-13T12:35:58.070Z	2026-08-04T08:47:09.576Z
simo_prod	dwd	real_sn_accountstatus	MANAGED	2024-09-12T12:00:54.310Z	2026-09-15T22:33:09.555Z
simo_prod	dwd	real_sn_accountstatus_tmp	MANAGED	2024-09-17T08:09:25.265Z	2026-09-16T07:44:58.565Z
simo_prod	dwd	realtime_rsim_availability_data	MANAGED	2024-09-12T12:37:18.773Z	2026-09-16T07:38:09.588Z
simo_prod	dwd	realtime_vsim_availability_data	MANAGED	2024-09-12T12:51:12.308Z	2026-09-16T08:05:03.332Z
simo_prod	dwd	region_countryname	MANAGED	2025-04-29T08:52:06.840Z	2026-07-29T21:09:53.195Z
simo_prod	dwd	region_df_5km_for_serving	MANAGED	2024-09-24T10:13:22.755Z	2026-08-04T08:36:41.678Z
simo_prod	dwd	region_example_10k_joined	MANAGED	2024-12-13T11:22:00.070Z	2026-08-04T08:47:42.802Z
simo_prod	dwd	region_example_california_joined	MANAGED	2024-12-13T11:54:30.248Z	2026-08-04T08:41:51.520Z
simo_prod	dwd	region_example_japan_joined	MANAGED	2024-12-13T13:23:33.476Z	2026-08-04T08:40:51.013Z
simo_prod	dwd	region_example_joined	MANAGED	2024-12-13T11:10:21.249Z	2026-08-04T08:31:58.289Z
simo_prod	dwd	region_neighbors_city	MANAGED	2024-12-13T10:26:06.774Z	2026-08-04T08:39:03.118Z
simo_prod	dwd	region_overlay_plmnlist_basic_data	MANAGED	2024-10-01T11:24:34.220Z	2026-08-28T13:56:27.714Z
simo_prod	dwd	region_overlay_plmnlist_basic_data01	MANAGED	2024-12-13T09:57:51.625Z	2026-08-04T08:40:27.156Z
simo_prod	dwd	region_overlay_plmnlist_basic_data02	MANAGED	2024-10-01T11:22:01.194Z	2026-08-28T13:56:39.770Z
simo_prod	dwd	region_overlay_plmnlist_basic_data03	MANAGED	2024-10-01T11:21:58.601Z	2026-08-28T07:55:27.652Z
simo_prod	dwd	region_overlay_plmnlist_basic_data04	MANAGED	2024-10-01T11:23:01.191Z	2026-08-28T13:56:42.174Z
simo_prod	dwd	region_overlay_plmnlist_heartequs_order	MANAGED	2024-10-01T11:22:58.734Z	2026-08-04T08:43:22.744Z
simo_prod	dwd	region_overlay_plmnlist_heartequs_order_rsim	MANAGED	2024-10-01T11:22:51.270Z	2026-08-04T08:32:42.417Z
simo_prod	dwd	region_overlay_plmnlist_mtkequs_order	MANAGED	2024-10-01T11:24:09.501Z	2026-08-04T08:41:53.650Z
simo_prod	dwd	region_overlay_plmnlist_rcdr_order	MANAGED	2024-10-01T11:24:14.811Z	2026-08-04T08:39:15.520Z
simo_prod	dwd	region_overlay_plmnlist_vcdr_order	MANAGED	2024-10-01T11:21:43.596Z	2026-08-04T08:44:36.844Z
simo_prod	dwd	region_plmn_df_5km_for_serving	MANAGED	2024-09-24T10:13:28.744Z	2026-08-04T08:47:08.323Z
simo_prod	dwd	region_product_overlay_plmnlist_basicdata	MANAGED	2024-10-01T11:22:38.770Z	2026-09-16T02:33:14.662Z
simo_prod	dwd	region_product_overlay_plmnlist_basicdata01	MANAGED	2024-10-01T11:23:25.614Z	2026-09-16T02:33:53.676Z
simo_prod	dwd	region_product_overlay_plmnlist_basicdata02	MANAGED	2024-10-01T11:23:35.890Z	2026-09-16T02:33:57.617Z
simo_prod	dwd	region_product_overlay_plmnlist_heartbeat_basicdata	MANAGED	2024-10-01T11:21:32.232Z	2026-09-16T02:33:06.442Z
simo_prod	dwd	region_product_overlay_plmnlist_osiurc_basicdata	MANAGED	2024-10-01T11:24:21.885Z	2026-09-16T02:32:54.311Z
simo_prod	dwd	region_sn_df_5km_for_serving	MANAGED	2024-09-24T10:20:13.787Z	2026-08-04T08:35:37.534Z
simo_prod	dwd	region_table_100km	MANAGED	2024-09-20T07:00:47.311Z	2026-08-04T08:47:14.605Z
simo_prod	dwd	region_table_10km	MANAGED	2024-09-20T07:00:34.174Z	2026-08-04T08:46:18.540Z
simo_prod	dwd	region_table_50km	MANAGED	2024-09-20T07:00:41.002Z	2026-08-04T08:48:15.918Z
simo_prod	dwd	region_table_5km	MANAGED	2025-12-04T02:24:09.040Z	2026-09-16T00:14:07.799Z
simo_prod	dwd	region_table_5km_timezone_hour_offset	MANAGED	2024-12-13T13:26:48.916Z	2026-08-04T08:32:19.446Z
simo_prod	dwd	region_table_cellid_100km	MANAGED	2024-09-20T07:00:43.990Z	2026-08-04T08:37:00.216Z
simo_prod	dwd	region_table_cellid_10km	MANAGED	2024-09-20T07:00:28.951Z	2026-08-04T08:36:19.358Z
simo_prod	dwd	region_table_cellid_50km	MANAGED	2024-09-20T07:00:37.732Z	2026-08-04T08:46:28.479Z
simo_prod	dwd	region_table_cellid_5km	MANAGED	2024-09-20T07:00:17.943Z	2026-08-19T04:21:04.395Z
simo_prod	dwd	region_table_cellid_5km_abnormal	MANAGED	2024-12-13T12:29:14.018Z	2026-08-04T08:43:03.354Z
simo_prod	dwd	region_table_cellid_5km_refined	MANAGED	2024-12-13T15:25:24.688Z	2026-08-04T08:35:27.306Z
simo_prod	dwd	region_table_cellid_5km_repair	MANAGED	2025-12-10T08:56:48.757Z	2026-09-16T02:37:07.711Z
simo_prod	dwd	region_table_cellid_5km_tmp	MANAGED	2024-12-13T10:32:05.695Z	2026-08-04T08:47:30.378Z
simo_prod	dwd	reject_code_from_osi	MANAGED	2025-12-18T02:06:02.083Z	2026-09-16T00:21:07.246Z
simo_prod	dwd	rep_bandwidth_bacic_data	MANAGED	2024-10-01T10:19:27.560Z	2026-09-16T07:32:53.723Z
simo_prod	dwd	rsim_availability_basic_data_mcc_duration	MANAGED	2024-09-26T10:27:59.065Z	2026-08-04T08:47:32.353Z
simo_prod	dwd	rsim_availability_basic_data_mcc_step1	MANAGED	2024-09-26T10:28:28.215Z	2026-08-04T08:38:19.457Z
simo_prod	dwd	rsim_availability_basic_data_mcc_step2	MANAGED	2024-09-26T10:27:51.769Z	2026-08-04T08:35:28.662Z
simo_prod	dwd	rsim_availability_basic_data_mcc_step3	MANAGED	2024-09-26T10:28:11.547Z	2026-08-04T08:45:57.546Z
simo_prod	dwd	rsim_availability_basic_data_mcc_step4	MANAGED	2024-09-26T10:27:08.120Z	2026-08-04T08:37:14.113Z
simo_prod	dwd	rsim_available_plmns_basics_data	MANAGED	2024-12-13T12:32:40.226Z	2026-08-04T08:47:14.217Z
simo_prod	dwd	rsim_available_plmns_cdr_total_data	MANAGED	2024-12-13T07:40:24.639Z	2026-08-04T08:35:57.009Z
simo_prod	dwd	rsim_available_plmns_cdr_total_data01	MANAGED	2024-12-13T11:31:47.449Z	2026-08-04T08:37:57.158Z
simo_prod	dwd	rsim_available_plmns_data	MANAGED	2024-09-24T08:21:07.222Z	2026-09-16T07:39:07.269Z
simo_prod	dwd	rsim_cdr_usage_monthly	MANAGED	2024-11-20T08:36:57.944Z	2026-09-16T07:01:12.278Z
simo_prod	dwd	rsim_network_resident_cellid	MANAGED	2024-09-26T10:27:14.143Z	2026-08-04T08:35:07.425Z
simo_prod	dwd	rsim_network_resident_datastatus	MANAGED	2024-09-26T10:27:17.199Z	2026-08-04T08:35:33.563Z
simo_prod	dwd	rsim_network_resident_dbm	MANAGED	2024-12-13T15:19:45.376Z	2026-08-04T08:43:56.236Z
simo_prod	dwd	rsim_network_resident_imsi	MANAGED	2024-09-26T10:28:25.878Z	2026-08-04T08:32:31.939Z
simo_prod	dwd	rsim_network_resident_insert_result	MANAGED	2024-09-26T10:27:29.792Z	2026-08-04T08:48:04.282Z
simo_prod	dwd	rsim_network_resident_insertcards	MANAGED	2024-09-26T10:27:56.651Z	2026-08-04T08:43:19.465Z
simo_prod	dwd	rsim_network_resident_lac	MANAGED	2024-09-26T10:28:03.881Z	2026-08-04T08:36:49.232Z
simo_prod	dwd	rsim_network_resident_plmn	MANAGED	2024-09-26T10:26:49.107Z	2026-08-04T08:37:53.076Z
simo_prod	dwd	rsim_network_resident_protocol	MANAGED	2024-12-13T11:23:46.054Z	2026-08-04T08:45:00.884Z
simo_prod	dwd	rsim_network_resident_status	MANAGED	2024-09-26T10:27:05.543Z	2026-08-04T08:43:15.795Z
simo_prod	dwd	rsim_plmn_cdr_usage	MANAGED	2024-10-01T11:22:20.968Z	2026-09-16T02:34:06.577Z
simo_prod	dwd	rsim_plmn_heartbeat_equs	MANAGED	2024-10-01T11:24:04.797Z	2026-09-16T02:35:15.513Z
simo_prod	dwd	rsim_zhuwang_jieduan_tmp1	MANAGED	2024-12-13T11:53:58.900Z	2026-08-04T08:39:50.377Z
simo_prod	dwd	rsim_zhuwang_jieduan_tmp2	MANAGED	2024-12-13T12:28:54.717Z	2026-08-04T08:32:51.907Z
simo_prod	dwd	rsim_zhuwang_jieduan_tmp3	MANAGED	2024-12-13T11:53:34.965Z	2026-08-04T08:44:56.032Z
simo_prod	dwd	rsim_zhuwang_jieduan_tmp4	MANAGED	2024-12-13T10:26:02.996Z	2026-08-04T08:41:25.485Z
simo_prod	dwd	rsim_zhuwang_jieduan_tmp5	MANAGED	2024-12-13T15:20:33.651Z	2026-08-04T08:36:08.375Z
simo_prod	dwd	rsim_zhuwang_jieduan_tmp7	MANAGED	2024-12-13T11:30:01.233Z	2026-08-04T08:32:00.228Z
simo_prod	dwd	rsim_zhuwang_jieduan_tmp8	MANAGED	2024-12-13T10:03:15.471Z	2026-08-04T08:45:31.161Z
simo_prod	dwd	rsim_zhuwang_jieduan_tmp9	MANAGED	2024-12-13T11:09:54.391Z	2026-08-04T08:46:24.262Z
simo_prod	dwd	sc_publicize_log_with_location	MANAGED	2024-12-13T11:48:44.557Z	2026-08-04T08:36:39.073Z
simo_prod	dwd	service_connection_time_joined	MANAGED	2024-12-13T11:23:17.809Z	2026-08-04T08:38:37.256Z
simo_prod	dwd	shipment_equipment_details	MANAGED	2024-09-23T15:41:02.356Z	2026-08-04T08:35:16.261Z
simo_prod	dwd	shipment_equipment_details02	MANAGED	2024-09-23T15:41:34.634Z	2026-08-04T08:32:14.679Z
simo_prod	dwd	skroamid_gid	MANAGED	2024-09-13T06:26:19.185Z	2026-09-16T07:44:31.010Z
simo_prod	dwd	skroamid_gid_tmp	MANAGED	2024-09-17T08:08:52.519Z	2026-09-16T07:44:27.274Z
simo_prod	dwd	skylog_analysis	MANAGED	2024-12-13T11:48:10.876Z	2026-08-04T08:36:38.320Z
simo_prod	dwd	skylog_analysis_with_location	MANAGED	2024-12-13T10:25:04.412Z	2026-08-04T08:32:12.591Z
simo_prod	dwd	skylog_error_code	MANAGED	2024-12-13T09:12:23.209Z	2026-08-04T08:44:31.760Z
simo_prod	dwd	skylog_error_code_with_location	MANAGED	2024-12-13T12:36:10.230Z	2026-08-04T08:36:54.015Z
simo_prod	dwd	sn_accountid_relation_result	MANAGED	2024-10-29T06:52:13.051Z	2026-09-16T07:10:23.794Z
simo_prod	dwd	sn_accountstatus	MANAGED	2024-09-19T11:31:41.036Z	2026-09-16T00:06:08.029Z
simo_prod	dwd	sn_aggregated_cdr_last_24hour	MANAGED	2025-07-25T02:44:27.532Z	2026-09-16T07:55:06.464Z
simo_prod	dwd	sn_aggregated_cdr_last_24hour_add	MANAGED	2025-08-21T02:40:04.661Z	2026-09-16T07:55:12.559Z
simo_prod	dwd	sn_aggregated_cdr_last_24hour_bak	MANAGED	2025-08-21T02:38:44.827Z	2026-09-16T07:55:14.133Z
simo_prod	dwd	sn_aggregated_cdr_last_24hour_bak_parallel	MANAGED	2026-09-08T06:51:24.567Z	2026-09-14T16:33:48.628Z
simo_prod	dwd	sn_aggregated_cdr_last_24hour_test	MANAGED	2026-09-07T08:33:57.312Z	2026-09-07T09:24:08.498Z
simo_prod	dwd	sn_aggregated_cdr_realtime	MANAGED	2025-05-29T09:15:14.647Z	2026-09-15T17:41:56.373Z
simo_prod	dwd	sn_flux_hourly	MANAGED	2026-09-07T08:29:12.543Z	2026-09-13T22:42:12.236Z
simo_prod	dwd	sn_terminalversion	MANAGED	2024-09-19T11:31:45.299Z	2026-09-16T00:34:28.420Z
simo_prod	dwd	srsim_avaliable_data_region	MANAGED	2024-10-01T11:21:53.603Z	2026-09-16T02:37:53.568Z
simo_prod	dwd	srsim_plmnlist_data_region	MANAGED	2024-10-01T11:24:26.603Z	2026-09-16T02:37:55.518Z
simo_prod	dwd	subsid_skuid	MANAGED	2024-09-12T14:33:00.014Z	2026-09-13T09:45:51.168Z
simo_prod	dwd	switchreason_monitoring	MANAGED	2024-12-13T11:22:48.565Z	2026-08-04T08:45:03.076Z
simo_prod	dwd	system_push_500_data	MANAGED	2024-09-19T11:42:59.319Z	2026-09-16T00:31:26.028Z
simo_prod	dwd	t_iot_addition_daily	MANAGED	2024-09-20T10:13:49.895Z	2026-09-16T03:00:56.576Z
simo_prod	dwd	t_iot_addition_daily_temp	MANAGED	2025-03-13T07:50:44.242Z	2026-09-16T03:00:50.277Z
simo_prod	dwd	t_iot_overall_daily	MANAGED	2024-09-20T10:15:12.255Z	2026-09-16T03:06:56.343Z
simo_prod	dwd	t_iot_usage_consolidate_daily_all	MANAGED	2024-09-25T08:47:28.413Z	2026-08-04T08:40:21.866Z
simo_prod	dwd	t_iot_usage_consolidate_daily_all_new	MANAGED	2024-09-26T09:58:30.101Z	2026-09-16T07:32:47.891Z
simo_prod	dwd	t_iot_usage_consolidate_daily_all_new_bak	MANAGED	2025-02-13T10:57:07.623Z	2026-07-27T06:28:26.088Z
simo_prod	dwd	t_iot_usage_consolidate_daily_all_new_tmp	MANAGED	2024-12-19T07:55:40.809Z	2026-07-24T15:27:09.342Z
simo_prod	dwd	t_iot_usage_consolidate_daily_all_new_to_kafka	MANAGED	2025-02-14T02:36:20.405Z	2026-07-27T18:27:42.741Z
simo_prod	dwd	t_iot_usage_consolidate_daily_all_new_withoutsn	MANAGED	2025-02-15T11:22:45.209Z	2026-07-24T15:27:10.368Z
simo_prod	dwd	t_iot_usage_consolidate_daily_all_new_withoutsn1	MANAGED	2025-12-21T02:55:49.782Z	2026-09-16T01:32:53.188Z
simo_prod	dwd	t_iot_usage_consolidate_daily_all_new_withoutsn1_bak	MANAGED	2025-02-15T11:36:01.646Z	2026-07-27T01:24:15.498Z
simo_prod	dwd	t_iot_usage_consolidate_daily_all_new_withoutsn1_to_kafka	MANAGED	2025-02-15T11:38:39.110Z	2026-07-28T17:27:08.030Z
simo_prod	dwd	t_iot_usage_consolidate_daily_all_tmp	MANAGED	2024-09-26T07:22:29.201Z	2026-08-04T08:48:35.558Z
simo_prod	dwd	terminalauthentication_apply_rsim_data	MANAGED	2024-12-13T11:53:15.109Z	2026-08-04T08:44:33.693Z
simo_prod	dwd	tm_osi_authenticate_log	MANAGED	2024-09-26T11:07:20.167Z	2026-09-16T00:46:47.659Z
simo_prod	dwd	tm_osi_authenticate_log_tmp	MANAGED	2024-12-13T11:10:38.494Z	2026-08-04T08:40:45.448Z
simo_prod	dwd	tm_osi_log	MANAGED	2024-12-13T13:22:03.957Z	2026-08-04T08:42:43.245Z
simo_prod	dwd	tm_osi_log_new	MANAGED	2024-09-26T10:28:23.405Z	2026-09-09T11:02:00.434Z
simo_prod	dwd	tm_osi_log_new_bak	MANAGED	2024-09-26T11:08:54.280Z	2026-08-04T08:47:54.590Z
simo_prod	dwd	tm_osi_log_rank_tmp	VIEW	2025-09-19T10:42:46.237Z	2026-06-30T08:10:25.420Z
simo_prod	dwd	tm_osi_log_session	MANAGED	2024-09-26T11:08:11.635Z	2026-08-04T08:41:29.767Z
simo_prod	dwd	tm_osi_log_with_rank	MANAGED	2024-09-26T11:08:09.093Z	2026-08-04T08:42:46.738Z
simo_prod	dwd	tm_osi_log_with_rank01	MANAGED	2024-10-01T11:22:43.538Z	2026-09-16T02:31:48.671Z
simo_prod	dwd	tm_osi_log_with_session	MANAGED	2024-09-26T11:08:14.154Z	2026-08-04T08:32:07.307Z
simo_prod	dwd	tm_osi_log_with_session_authenticate	MANAGED	2024-09-26T11:08:16.864Z	2026-08-04T08:35:58.816Z
simo_prod	dwd	tm_osi_log_with_session_cover_plmn	MANAGED	2024-09-26T11:08:33.159Z	2026-08-04T08:42:49.641Z
simo_prod	dwd	tm_osi_log_with_session_current_iso	MANAGED	2024-09-26T11:08:27.348Z	2026-08-04T08:39:05.717Z
simo_prod	dwd	tm_osi_log_with_session_imsi_group	MANAGED	2024-09-26T11:08:22.203Z	2026-08-04T08:36:36.620Z
simo_prod	dwd	tm_osi_log_with_session_insertcard	MANAGED	2024-10-01T11:23:28.189Z	2026-09-16T02:32:07.664Z
simo_prod	dwd	tm_osi_log_with_session_insertcard01	MANAGED	2024-10-01T11:23:20.559Z	2026-09-16T02:32:22.756Z
simo_prod	dwd	tm_osi_log_with_session_insertcard02	MANAGED	2024-10-01T11:24:38.932Z	2026-09-16T02:32:30.574Z
simo_prod	dwd	tm_osi_log_with_session_iso_cover	MANAGED	2024-09-26T11:08:24.732Z	2026-08-04T08:47:28.241Z
simo_prod	dwd	tm_osi_log_with_session_last_iso	MANAGED	2024-09-26T11:08:30.516Z	2026-08-04T08:48:28.683Z
simo_prod	dwd	tm_osi_log_with_session_mtk	MANAGED	2024-09-26T11:08:19.619Z	2026-08-04T08:37:16.160Z
simo_prod	dwd	tm_osi_log_with_session_regioninfo	MANAGED	2024-09-26T11:08:41.160Z	2026-08-04T08:44:07.102Z
simo_prod	dwd	tm_osi_log_with_session_select_card	MANAGED	2024-09-26T11:08:35.814Z	2026-08-04T08:43:07.946Z
simo_prod	dwd	tm_osi_log_with_session_urc_info	MANAGED	2024-12-13T15:25:40.118Z	2026-08-04T08:40:11.971Z
simo_prod	dwd	tm_osi_silver_urc_info	MANAGED	2024-10-01T11:24:11.786Z	2026-09-16T02:32:49.522Z
simo_prod	dwd	tm_osi_start_to_authenticate_data_status_event	MANAGED	2024-09-26T11:07:35.467Z	2026-09-16T00:48:45.751Z
simo_prod	dwd	tm_osi_start_to_authenticate_insert_event	MANAGED	2024-09-26T11:07:27.405Z	2026-09-16T00:47:41.858Z
simo_prod	dwd	tm_osi_start_to_authenticate_insert_sucess_event	MANAGED	2024-09-26T11:07:30.053Z	2026-09-16T00:48:05.764Z
simo_prod	dwd	tm_osi_start_to_authenticate_network_cellid_attribute	MANAGED	2024-09-26T11:07:49.628Z	2026-09-16T00:49:58.224Z
simo_prod	dwd	tm_osi_start_to_authenticate_network_dbm_attribute	MANAGED	2024-09-26T11:07:55.689Z	2026-09-16T00:50:21.229Z
simo_prod	dwd	tm_osi_start_to_authenticate_network_lac_attribute	MANAGED	2024-09-26T11:07:46.503Z	2026-09-16T00:49:42.989Z
simo_prod	dwd	tm_osi_start_to_authenticate_network_plmn_attribute	MANAGED	2024-09-26T11:07:43.546Z	2026-09-16T00:49:21.206Z
simo_prod	dwd	tm_osi_start_to_authenticate_network_protocol_attribute	MANAGED	2024-09-26T11:07:52.361Z	2026-09-16T00:50:08.814Z
simo_prod	dwd	tm_osi_start_to_authenticate_network_status_event	MANAGED	2024-09-26T11:07:32.746Z	2026-09-16T00:48:27.696Z
simo_prod	dwd	tm_osi_start_to_authenticate_rsimimsi_attribute	MANAGED	2024-09-26T11:07:40.706Z	2026-09-16T00:49:11.884Z
simo_prod	dwd	tm_osi_start_to_authenticate_simtype_attribute	MANAGED	2024-09-26T11:07:38.097Z	2026-09-16T00:49:01.967Z
simo_prod	dwd	tm_osi_start_to_authenticate_simtype_attribute_tmp	MANAGED	2024-12-13T09:59:26.315Z	2026-08-04T08:37:57.820Z
simo_prod	dwd	tm_osi_start_to_authenticate_step1	MANAGED	2024-09-26T11:07:24.688Z	2026-09-16T00:47:00.901Z
simo_prod	dwd	tm_osi_start_to_authenticate_step2	MANAGED	2024-09-26T11:07:58.455Z	2026-09-16T00:50:25.550Z
simo_prod	dwd	tm_osi_start_to_authenticate_step3	MANAGED	2024-09-26T11:08:01.166Z	2026-09-16T00:50:36.152Z
simo_prod	dwd	tm_osi_use_info	MANAGED	2024-10-01T11:23:03.575Z	2026-09-16T02:32:36.920Z
simo_prod	dwd	tm_osilog_connect_event	MANAGED	2025-03-12T07:46:02.470Z	2026-07-26T12:28:47.401Z
simo_prod	dwd	tm_osilog_devices_rownumber	MANAGED	2025-11-27T02:46:12.677Z	2026-06-30T08:10:29.418Z
simo_prod	dwd	tm_osilog_imsi_event	MANAGED	2025-03-12T07:44:01.870Z	2026-07-26T07:25:06.985Z
simo_prod	dwd	tm_osilog_imsi_type_event	MANAGED	2025-03-12T07:42:52.570Z	2026-07-26T09:25:39.065Z
simo_prod	dwd	tm_osilog_insert_event	MANAGED	2025-03-12T07:52:40.833Z	2026-07-26T18:27:32.912Z
simo_prod	dwd	tm_osilog_network_event	MANAGED	2025-03-18T06:50:46.903Z	2026-07-28T12:23:33.362Z
simo_prod	dwd	tm_osilog_networsk_fail_event	MANAGED	2025-03-12T07:47:05.752Z	2026-06-30T08:10:47.944Z
simo_prod	dwd	tm_osilog_start_event	MANAGED	2025-03-12T09:06:19.303Z	2026-07-27T06:28:23.791Z
simo_prod	dwd	tv_sc_sn_account_month_minutes	VIEW	2026-01-13T11:40:54.191Z	2026-06-30T08:10:40.482Z
simo_prod	dwd	tv_simo_order_buy_times	VIEW	2026-01-29T10:49:47.085Z	2026-06-30T08:11:01.555Z
simo_prod	dwd	tv_simo_order_coupon_months	VIEW	2025-12-30T07:52:49.963Z	2026-06-30T08:10:55.245Z
simo_prod	dwd	tv_simo_sku_coverage_country	VIEW	2026-03-05T09:48:43.071Z	2026-07-15T02:40:41.901Z
simo_prod	dwd	udr_history_2018	MANAGED	2024-12-13T13:26:05.686Z	2026-08-04T08:48:24.279Z
simo_prod	dwd	udr_history_2019	MANAGED	2024-12-13T10:31:54.744Z	2026-08-04T08:42:41.491Z
simo_prod	dwd	udr_history_2020	MANAGED	2024-12-13T09:58:50.312Z	2026-08-04T08:41:36.584Z
simo_prod	dwd	udr_history_2021	MANAGED	2024-12-13T07:40:20.853Z	2026-08-04T08:37:44.780Z
simo_prod	dwd	udr_real_20210901	MANAGED	2024-12-13T13:32:38.493Z	2026-08-04T08:38:44.590Z
simo_prod	dwd	udr_usage_subsid_data_his	MANAGED	2024-09-13T08:03:22.230Z	2026-07-15T15:53:31.039Z
simo_prod	dwd	udr_usage_subsid_data_his_with_mcc	MANAGED	2025-11-24T07:39:52.011Z	2026-09-16T08:02:15.279Z
simo_prod	dwd	udr_usage_subsid_data_today	MANAGED	2024-09-13T08:00:27.079Z	2026-08-04T08:43:52.479Z
simo_prod	dwd	udr_usage_subsid_data_yesterday	MANAGED	2024-09-13T08:04:23.019Z	2026-08-04T08:42:50.719Z
simo_prod	dwd	unconversion_of_equipment_monthly	MANAGED	2024-09-23T15:41:37.164Z	2026-08-04T08:43:17.215Z
simo_prod	dwd	vrsim_plmn_heartbeat_equs	MANAGED	2024-10-01T11:23:59.887Z	2026-09-16T02:34:43.410Z
simo_prod	dwd	vrsim_plmn_mtk_equs	MANAGED	2024-10-01T11:23:30.600Z	2026-08-04T08:43:31.021Z
simo_prod	dwd	vsim_availability_basic_data	MANAGED	2024-12-13T11:22:53.501Z	2026-08-04T08:38:00.811Z
simo_prod	dwd	vsim_availability_data_tmp	MANAGED	2024-12-13T10:00:58.978Z	2026-08-04T08:43:51.411Z
simo_prod	dwd	vsim_availability_data_tmp1	MANAGED	2024-12-13T11:53:38.887Z	2026-08-04T08:36:21.098Z
simo_prod	dwd	vsim_availability_network_data	MANAGED	2024-12-13T09:12:10.186Z	2026-08-04T08:35:48.589Z
simo_prod	dwd	vsim_availability_network_data01	MANAGED	2024-12-13T11:23:13.798Z	2026-08-04T08:38:18.229Z
simo_prod	dwd	vsim_available_plmns_band_stat	MANAGED	2024-09-24T09:57:15.147Z	2026-09-16T07:48:00.829Z
simo_prod	dwd	vsim_available_plmns_band_stat2	MANAGED	2024-09-24T09:57:24.546Z	2026-09-16T07:48:23.259Z
simo_prod	dwd	vsim_available_plmns_basics_data	MANAGED	2024-12-13T13:26:38.943Z	2026-08-04T08:37:20.620Z
simo_prod	dwd	vsim_available_plmns_cdr_basicdata	MANAGED	2024-09-24T09:57:12.363Z	2026-09-16T07:46:01.267Z
simo_prod	dwd	vsim_available_plmns_cdr_imsi_indicators	MANAGED	2024-09-24T09:57:00.904Z	2026-09-16T07:45:50.540Z
simo_prod	dwd	vsim_available_plmns_cdr_plmns	MANAGED	2024-09-24T09:57:20.778Z	2026-09-16T07:48:06.188Z
simo_prod	dwd	vsim_available_plmns_cdr_sn_indicators	MANAGED	2024-09-24T09:56:58.145Z	2026-09-16T07:45:22.679Z
simo_prod	dwd	vsim_available_plmns_cdr_total_data	MANAGED	2024-09-24T09:56:53.490Z	2026-09-16T07:44:50.649Z
simo_prod	dwd	vsim_available_plmns_cdr_total_data01	MANAGED	2024-12-13T09:59:07.826Z	2026-08-04T08:36:24.796Z
simo_prod	dwd	vsim_available_plmns_cdr_total_data_tmp	MANAGED	2024-12-13T11:54:20.492Z	2026-08-04T08:38:34.891Z
simo_prod	dwd	vsim_available_plmns_cover	MANAGED	2024-09-24T09:56:49.291Z	2026-09-16T07:39:51.772Z
simo_prod	dwd	vsim_available_plmns_current_setting	MANAGED	2024-09-24T09:57:09.491Z	2026-09-16T07:45:58.582Z
simo_prod	dwd	vsim_available_plmns_set_plmns	MANAGED	2024-09-24T09:57:03.620Z	2026-09-16T07:45:52.639Z
simo_prod	dwd	vsim_error_10min_bucket	MANAGED	2026-08-03T09:44:08.249Z	2026-09-14T01:49:17.313Z
simo_prod	dwd	vsim_network_resident_cellid	MANAGED	2024-12-13T08:21:28.918Z	2026-08-04T08:43:08.293Z
simo_prod	dwd	vsim_network_resident_datastatus	MANAGED	2024-12-13T11:49:01.151Z	2026-08-04T08:32:14.404Z
simo_prod	dwd	vsim_network_resident_dbm	MANAGED	2024-12-13T13:27:54.681Z	2026-08-04T08:36:00.129Z
simo_prod	dwd	vsim_network_resident_imsi	MANAGED	2024-12-13T11:30:30.984Z	2026-08-04T08:45:49.682Z
simo_prod	dwd	vsim_network_resident_lac	MANAGED	2024-12-13T11:10:17.677Z	2026-08-04T08:32:34.306Z
simo_prod	dwd	vsim_network_resident_plmn	MANAGED	2024-12-13T11:22:16.120Z	2026-08-04T08:35:05.480Z
simo_prod	dwd	vsim_network_resident_protocol	MANAGED	2024-12-13T07:24:10.641Z	2026-08-04T08:35:35.066Z
simo_prod	dwd	vsim_network_resident_status	MANAGED	2024-12-13T11:48:30.744Z	2026-08-04T08:36:51.572Z
simo_prod	dwd	vsim_plmn_cdr_usage	MANAGED	2024-10-01T11:23:40.586Z	2026-09-16T02:33:55.335Z
simo_prod	dwd	vsim_plmn_priority_list_basic_data	MANAGED	2024-09-26T10:27:54.209Z	2026-09-16T00:40:55.647Z
simo_prod	dwd	vsim_plmn_priority_list_basic_data01	MANAGED	2024-09-26T10:27:22.442Z	2026-09-16T00:41:10.904Z
simo_prod	dwd	vsim_plmn_priority_list_basic_data02	MANAGED	2024-09-24T10:13:25.756Z	2026-09-16T00:41:22.350Z
simo_prod	dwd	vsim_plmn_priority_list_basic_data03	MANAGED	2024-12-03T06:49:21.696Z	2026-09-16T00:41:31.502Z
simo_prod	dwd	vsim_plmn_priority_list_basic_data04	MANAGED	2024-12-03T06:50:07.609Z	2026-09-16T00:45:04.517Z
simo_prod	dwd	vsim_plmn_priority_list_basic_data_cellid	MANAGED	2024-09-26T10:27:00.040Z	2026-09-16T00:45:18.002Z
simo_prod	dwd	vsim_plmn_priority_list_basic_data_lac	MANAGED	2024-09-26T10:27:19.702Z	2026-09-16T00:45:25.760Z
simo_prod	dwd	vsim_plmn_priority_list_basic_data_mcc	MANAGED	2024-09-26T10:28:06.234Z	2026-09-16T00:45:33.056Z
simo_prod	dwd	vsim_plmn_priority_list_basic_data_tmp	MANAGED	2024-12-02T12:49:10.257Z	2026-09-16T00:40:43.486Z
simo_prod	dwd	vsim_plmn_region_daily_data	MANAGED	2024-12-13T07:39:48.415Z	2026-08-04T08:42:55.759Z
simo_prod	dwd	vsim_plmn_update_basics_data	MANAGED	2024-12-13T07:39:32.056Z	2026-08-04T08:40:09.582Z
simo_prod	dwd	vsim_plmn_update_basics_data01	MANAGED	2024-12-13T09:59:16.629Z	2026-08-04T08:37:00.780Z
simo_prod	dwd	vsim_plmn_update_basics_data_details	MANAGED	2024-12-13T12:33:45.151Z	2026-08-04T08:48:15.542Z
simo_prod	dwd	vsim_plmn_update_basics_everyhour	MANAGED	2024-12-13T11:17:58.071Z	2026-08-04T08:46:38.007Z
simo_prod	dwd	vsim_plmn_update_network_sucess_rate	MANAGED	2024-12-13T15:25:29.842Z	2026-08-04T08:39:23.103Z
simo_prod	dwd	vsim_plmn_update_network_sucess_rate_everyhour	MANAGED	2024-12-13T11:47:48.881Z	2026-08-04T08:45:24.995Z
simo_prod	dwd	vsimapplylog_missing_record	MANAGED	2024-12-13T12:32:52.249Z	2026-08-04T08:43:28.991Z
simo_prod	dwd	vsimapplylog_missing_record_us_tmp	MANAGED	2024-12-13T15:25:34.025Z	2026-08-04T08:37:08.710Z
simo_prod	dwd	vsimapplylog_missing_record_us_tmp1	MANAGED	2024-12-13T11:53:19.732Z	2026-08-04T08:42:35.045Z
simo_prod	dwd	vsimapplylog_missing_record_us_tmp2	MANAGED	2024-12-13T10:22:11.320Z	2026-08-04T08:46:06.907Z
simo_prod	dwd	wrsim_apply_log_parse	MANAGED	2024-12-13T13:23:25.871Z	2026-08-04T08:38:06.229Z
simo_prod	dwd	wrsim_apply_log_parse02	MANAGED	2024-12-13T09:11:53.023Z	2026-08-04T08:39:06.704Z
simo_prod	dwd	wrsim_apply_result_data	MANAGED	2024-10-01T11:24:07.112Z	2026-09-16T02:34:39.273Z
simo_prod	finance_db	cost_vsim_monthly_consume_detail	VIEW	2025-06-03T14:31:26.567Z	2026-06-30T08:09:57.132Z
simo_prod	finance_db	cost_vsim_monthly_consume_source_detail	VIEW	2026-06-29T08:16:37.230Z	2026-06-30T08:09:48.520Z
simo_prod	finance_db	cost_vsim_monthly_country_price	VIEW	2025-08-20T07:46:26.612Z	2026-07-03T08:35:43.893Z
simo_prod	finance_db	cost_vsim_monthly_country_product_price	VIEW	2026-04-01T08:33:24.433Z	2026-06-30T08:10:15.027Z
simo_prod	finance_db	dwd_cost_vsim	MANAGED	2024-09-17T11:24:05.439Z	2026-09-03T14:40:03.098Z
simo_prod	finance_db	dwd_cost_vsim_bak	MANAGED	2025-07-04T02:42:50.150Z	2026-06-30T08:10:20.916Z
simo_prod	finance_db	dwd_cost_vsim_correction	MANAGED	2024-09-17T11:24:02.167Z	2026-09-07T03:32:34.604Z
simo_prod	finance_db	dwd_cost_vsim_correction_bak	MANAGED	2025-07-04T02:47:05.844Z	2026-06-30T08:10:12.376Z
simo_prod	finance_db	reporting_platform_upload_cost_vsim_manual_correction	MANAGED	2024-10-28T06:55:09.251Z	2026-08-04T08:45:05.360Z
simo_prod	finance_db	reporting_platform_upload_res_vsim_product_cost	MANAGED	2024-09-17T10:44:17.380Z	2026-08-04T08:35:56.188Z
simo_prod	finance_db	resource_res_vsim_billing	MANAGED	2024-09-17T10:44:23.923Z	2026-08-04T08:40:17.534Z
simo_prod	finance_db	resource_res_vsim_cycle_history	MANAGED	2024-09-17T10:44:29.708Z	2026-08-04T08:47:23.982Z
simo_prod	finance_db	resource_res_vsim_deploy	MANAGED	2024-09-17T10:44:26.618Z	2026-09-16T07:27:28.509Z
simo_prod	finance_db	resource_res_vsim_info	MANAGED	2024-09-17T10:44:21.059Z	2026-08-04T08:36:21.391Z
simo_prod	finance_db	resource_res_vsim_product	MANAGED	2024-09-17T10:44:32.737Z	2026-09-10T20:52:33.538Z
simo_prod	finance_db	resource_res_vsim_product_old	MANAGED	2024-09-12T11:14:57.946Z	2026-08-04T08:38:18.879Z
simo_prod	finance_db	syniverse_rsim_cdr_cost_eliminate_vsim	MANAGED	2024-12-13T10:29:36.550Z	2026-08-27T08:08:44.695Z
simo_prod	finance_db	syniverse_vsim_usage_mcc	MANAGED	2024-12-13T10:28:39.001Z	2026-08-27T08:08:42.934Z
simo_prod	finance_db	ts_sim_status_change_details	MANAGED	2024-12-13T10:27:55.701Z	2026-08-29T09:58:57.092Z
simo_prod	finance_db	vsim_cost_wing_card_allocation	MANAGED	2026-07-06T10:49:52.087Z	2026-09-16T06:31:11.656Z
simo_prod	finance_db	wing_card_billing_details	MANAGED	2026-06-17T03:29:14.632Z	2026-06-30T08:10:11.396Z
simo_prod	finance_db	wing_card_billing_details_new	MANAGED	2025-11-19T09:09:35.422Z	2026-06-30T08:09:41.871Z
simo_prod	finance_db	wing_order_details_billing	MANAGED	2026-05-21T13:07:29.693Z	2026-06-30T08:09:58.688Z
simo_prod	finance_db	wing_order_details_billing_allocation	MANAGED	2026-05-21T13:17:14.992Z	2026-08-28T05:57:13.239Z
simo_prod	fose	test_vsim_result_middle	MANAGED	2025-05-08T07:28:33.426Z	2026-08-04T08:38:46.413Z
simo_prod	fose	vsim_apply_log_detail	MANAGED	2025-04-23T06:29:39.471Z	2026-08-04T08:32:30.467Z
simo_prod	fose	vsim_apply_log_intermediate	MANAGED	2025-04-23T02:06:26.849Z	2026-08-04T08:40:48.358Z
simo_prod	fose	vsim_apply_log_intermediate_redis_test	MANAGED	2025-06-23T07:38:58.047Z	2026-08-04T08:36:40.183Z
simo_prod	fose	vsim_apply_log_intermediate_test	MANAGED	2025-04-24T02:08:13.880Z	2026-08-04T08:36:15.824Z
simo_prod	fose	vsim_apply_log_intermediate_tmp	MANAGED	2025-05-26T09:54:01.278Z	2026-09-15T17:42:36.430Z
simo_prod	fose	vsim_apply_log_intermediate_tmp_merge	MANAGED	2025-05-26T09:15:54.957Z	2026-08-04T08:32:39.306Z
simo_prod	fose	vsim_temp	MANAGED	2025-04-24T08:27:51.022Z	2026-08-04T08:37:17.965Z
simo_prod	kevin_wen	authen_til_apply_vsim	MANAGED	2024-12-13T06:48:46.853Z	2026-08-04T08:40:08.344Z
simo_prod	kevin_wen	authen_til_apply_vsim_with_confirm_rsim	MANAGED	2024-12-13T06:48:54.169Z	2026-08-04T08:47:06.189Z
simo_prod	kevin_wen	vsim_fail_tag	MANAGED	2024-11-24T18:11:32.306Z	2026-08-04T08:47:40.585Z
simo_prod	kevin_wen	vsim_hb_records	MANAGED	2026-04-07T08:38:33.111Z	2026-08-04T08:31:55.599Z
simo_prod	kevin_wen	vsim_plmns	MANAGED	2024-12-13T07:33:06.381Z	2026-08-29T07:53:12.748Z
simo_prod	kevin_wen	vsim_reject_adjust	MANAGED	2024-12-13T07:33:09.596Z	2026-08-04T08:40:47.651Z
simo_prod	mysql_cdc_sync	__847f64f6_8e58_4124_be90_fbeb926ee6a6_cdc_staging_table	STREAMING_TABLE	2026-09-01T07:49:24.578Z	2026-09-01T07:49:28.966Z
simo_prod	mysql_cdc_sync	__d31f10a7_8356_4d26_bd46_0735aa563515_cdc_staging_table	STREAMING_TABLE	2026-08-31T02:26:29.173Z	2026-09-01T03:19:41.118Z
simo_prod	mysql_cdc_sync	card_billing_aug_excel_price	MANAGED	2026-09-15T03:19:33.438Z	2026-09-15T03:33:48.791Z
simo_prod	mysql_cdc_sync	card_billing_test01	MANAGED	2026-09-16T07:28:09.013Z	2026-09-16T07:28:09.835Z
simo_prod	mysql_cdc_sync	card_billing_v2_aug	MANAGED	2026-09-15T04:14:13.981Z	2026-09-15T07:52:02.550Z
simo_prod	mysql_cdc_sync	card_billing_v2_detail	MANAGED	2026-09-15T02:58:38.326Z	2026-09-15T02:58:38.326Z
simo_prod	mysql_cdc_sync	card_billing_v2_jul_test	MANAGED	2026-09-15T10:11:37.552Z	2026-09-15T10:32:22.905Z
simo_prod	mysql_cdc_sync	card_billing_v2_prorated	MANAGED	2026-09-15T02:58:47.223Z	2026-09-15T02:58:47.223Z
simo_prod	mysql_cdc_sync	card_billing_v2_test	MANAGED	2026-09-15T09:24:03.903Z	2026-09-15T10:32:03.187Z
simo_prod	mysql_cdc_sync	cdc_peak_01	STREAMING_TABLE	2026-09-01T02:03:27.638Z	2026-09-01T03:19:41.971Z
simo_prod	mysql_cdc_sync	cdc_peak_02	STREAMING_TABLE	2026-09-01T02:03:27.421Z	2026-09-01T03:19:41.959Z
simo_prod	mysql_cdc_sync	cdc_peak_03	STREAMING_TABLE	2026-09-01T02:03:27.542Z	2026-09-01T03:19:42.071Z
simo_prod	mysql_cdc_sync	cdc_peak_04	STREAMING_TABLE	2026-08-31T10:36:54.233Z	2026-09-01T03:19:41.929Z
simo_prod	mysql_cdc_sync	cdc_peak_05	STREAMING_TABLE	2026-08-31T10:36:54.386Z	2026-09-01T03:19:42.076Z
simo_prod	mysql_cdc_sync	cdc_peak_06	STREAMING_TABLE	2026-09-01T02:03:27.745Z	2026-09-01T03:19:41.897Z
simo_prod	mysql_cdc_sync	cdc_peak_07	STREAMING_TABLE	2026-08-31T10:36:54.480Z	2026-09-01T03:19:42.002Z
simo_prod	mysql_cdc_sync	cdc_stress_single	STREAMING_TABLE	2026-09-01T07:49:24.693Z	2026-09-01T07:49:28.954Z
simo_prod	mysql_cdc_sync	event_log_847f64f6_8e58_4124_be90_fbeb926ee6a6	MANAGED	2026-09-01T07:48:47.027Z	2026-09-02T09:33:43.290Z
simo_prod	mysql_cdc_sync	event_log_d31f10a7_8356_4d26_bd46_0735aa563515	MANAGED	2026-08-31T02:06:21.375Z	2026-09-03T03:09:02.984Z
simo_prod	mysql_cdc_sync	haystack_audit_events	MANAGED	2026-09-07T11:04:33.302Z	2026-09-07T11:04:33.302Z
simo_prod	mysql_cdc_sync	haystack_mcp_bindings	MANAGED	2026-09-07T11:04:35.508Z	2026-09-07T14:23:02.125Z
simo_prod	mysql_cdc_sync	haystack_model_bindings	MANAGED	2026-09-07T11:04:37.310Z	2026-09-08T08:01:51.944Z
simo_prod	mysql_cdc_sync	haystack_profile_releases	MANAGED	2026-09-07T11:04:39.086Z	2026-09-08T07:48:19.696Z
simo_prod	mysql_cdc_sync	haystack_profiles	MANAGED	2026-09-07T11:04:40.824Z	2026-09-13T16:30:53.091Z
simo_prod	mysql_cdc_sync	haystack_prompt_bindings	MANAGED	2026-09-07T11:04:42.529Z	2026-09-07T16:32:35.557Z
simo_prod	mysql_cdc_sync	haystack_skill_bindings	MANAGED	2026-09-07T11:04:44.298Z	2026-09-07T16:32:20.743Z
simo_prod	mysql_cdc_sync	semantic_router_logs	MANAGED	2026-08-31T10:07:48.058Z	2026-09-03T13:22:39.246Z
simo_prod	mysql_cdc_sync	semantic_router_logs_payload	VIEW	2026-08-31T10:07:52.690Z	2026-08-31T10:07:52.690Z
simo_prod	mysql_cdc_sync	semantic_router_traces	MANAGED	2026-08-31T10:07:50.366Z	2026-09-13T16:30:50.439Z
simo_prod	mysql_cdc_sync	test3	STREAMING_TABLE	2026-08-31T09:48:16.580Z	2026-09-01T03:19:42.034Z
simo_prod	mysql_cdc_sync	test4	STREAMING_TABLE	2026-09-01T02:23:55.323Z	2026-09-01T03:19:41.922Z
simo_prod	mysql_cdc_sync	test_cdc	MANAGED	2025-10-22T07:43:41.615Z	2026-08-07T07:55:43.431Z
simo_prod	mysql_cdc_sync	wa_invoice_credit	MANAGED	2026-09-14T07:27:49.094Z	2026-09-14T08:30:28.306Z
simo_prod	mysql_cdc_sync	wa_invoice_detail	MANAGED	2026-09-14T07:27:42.273Z	2026-09-14T08:30:26.018Z
simo_prod	mysql_cdc_sync	wa_invoice_prorated	MANAGED	2026-09-14T07:27:45.651Z	2026-09-14T08:30:10.069Z
simo_prod	ods	_vip_support_focused_devices	MANAGED	2026-04-22T09:45:43.218Z	2026-08-23T14:08:21.134Z
simo_prod	ods	_vip_support_followers	MANAGED	2026-04-22T09:45:47.134Z	2026-09-01T23:03:27.843Z
simo_prod	ods	account_productid_relation	MANAGED	2024-10-24T02:32:03.997Z	2026-09-10T03:33:23.729Z
simo_prod	ods	account_productid_relation_original	MANAGED	2024-10-24T02:31:52.626Z	2026-09-14T22:39:38.762Z
simo_prod	ods	account_state	MANAGED	2026-01-05T01:46:17.810Z	2026-09-16T00:05:45.616Z
simo_prod	ods	apdu_errorcode	MANAGED	2024-12-13T11:22:45.002Z	2026-08-04T08:41:42.836Z
simo_prod	ods	api_airports	MANAGED	2024-09-16T12:29:34.328Z	2026-09-16T05:31:26.996Z
simo_prod	ods	api_amazon_product_info	MANAGED	2026-03-27T09:47:58.908Z	2026-08-29T07:52:48.807Z
simo_prod	ods	api_exchange_rate_ofx	MANAGED	2025-10-28T10:44:42.788Z	2026-08-31T09:54:48.757Z
simo_prod	ods	api_iterable_user_events	MANAGED	2025-02-27T08:13:11.061Z	2026-08-04T08:43:10.051Z
simo_prod	ods	api_iterable_user_events_original	MANAGED	2025-02-27T08:04:31.592Z	2026-08-04T08:36:14.347Z
simo_prod	ods	api_plmn_from_itu	MANAGED	2025-02-19T02:45:38.851Z	2026-09-16T01:24:50.146Z
simo_prod	ods	apply_records	MANAGED	2024-12-13T11:10:05.079Z	2026-08-04T08:44:52.196Z
simo_prod	ods	asset_activation_record	MANAGED	2024-09-23T15:41:47.824Z	2026-08-04T08:44:02.279Z
simo_prod	ods	asset_activation_record_daily	MANAGED	2024-09-23T16:18:11.959Z	2026-08-04T08:36:05.789Z
simo_prod	ods	asset_purchase_records	MANAGED	2024-09-23T15:41:44.713Z	2026-08-04T08:32:20.179Z
simo_prod	ods	asset_records_daily	MANAGED	2024-09-23T15:41:50.357Z	2026-08-04T08:44:54.461Z
simo_prod	ods	assets_assets	MANAGED	2024-09-13T10:22:42.326Z	2026-09-15T23:33:10.641Z
simo_prod	ods	assets_assets__hist_tmp	MANAGED	2025-05-09T08:54:18.284Z	2026-07-27T21:27:29.388Z
simo_prod	ods	assets_assets_hist	MANAGED	2025-12-08T03:28:32.207Z	2026-09-10T08:31:41.236Z
simo_prod	ods	assets_assets_hist_drift_metrics	MANAGED	2024-12-04T17:05:55.380Z	2026-08-04T08:42:01.640Z
simo_prod	ods	assets_assets_hist_profile_metrics	MANAGED	2024-12-04T17:05:40.829Z	2026-08-04T08:43:27.516Z
simo_prod	ods	assets_assets_hist_tmp	MANAGED	2025-10-29T06:17:59.149Z	2026-09-15T23:33:12.872Z
simo_prod	ods	assets_assets_hist_tmp1	MANAGED	2024-12-13T12:35:18.539Z	2026-08-04T08:36:13.471Z
simo_prod	ods	assets_assets_hist_tmp2	MANAGED	2024-09-13T07:57:28.395Z	2026-09-16T04:34:08.719Z
simo_prod	ods	assets_assets_speed_limit_hist	MANAGED	2025-07-17T07:59:43.705Z	2026-09-14T14:44:57.560Z
simo_prod	ods	assets_assets_tmp	MANAGED	2024-09-17T08:08:42.556Z	2026-09-16T04:34:01.900Z
simo_prod	ods	assets_speed_limit_hist_tmp	MANAGED	2026-03-02T08:46:18.754Z	2026-09-16T00:35:23.362Z
simo_prod	ods	assets_usage_asset_details	MANAGED	2024-09-24T07:59:47.870Z	2026-08-04T08:37:30.700Z
simo_prod	ods	assets_usage_asset_flow	MANAGED	2024-09-24T07:59:50.668Z	2026-08-04T08:35:54.764Z
simo_prod	ods	assets_usage_business_classfication	MANAGED	2024-09-17T12:33:38.522Z	2026-09-16T00:14:31.052Z
simo_prod	ods	assets_usage_monthly_asset_mcc_usage	MANAGED	2024-09-27T10:11:06.759Z	2026-08-04T08:37:01.985Z
simo_prod	ods	assets_usage_monthly_asset_usage	MANAGED	2024-09-17T12:33:21.262Z	2026-08-04T08:36:12.609Z
simo_prod	ods	assets_usage_order_revenue	MANAGED	2024-09-17T12:33:12.776Z	2026-09-16T00:27:04.227Z
simo_prod	ods	assets_usage_order_revenue_tmp	MANAGED	2024-09-17T12:33:10.034Z	2026-08-04T08:40:40.673Z
simo_prod	ods	attribute_daily	MANAGED	2024-12-13T11:23:25.520Z	2026-08-04T08:37:10.707Z
simo_prod	ods	attribute_sample_20211011	MANAGED	2024-12-13T11:10:24.801Z	2026-08-04T08:35:21.668Z
simo_prod	ods	audit_data	MANAGED	2024-12-13T11:23:00.291Z	2026-08-04T08:40:03.029Z
simo_prod	ods	b_bsp_base_t_app_config	MANAGED	2024-09-13T10:09:59.843Z	2026-08-04T08:40:00.506Z
simo_prod	ods	b_bsp_cmts_channel	MANAGED	2024-09-17T12:33:26.300Z	2026-09-16T04:34:23.282Z
simo_prod	ods	b_bsp_cmts_customer	MANAGED	2024-09-17T12:33:28.758Z	2026-08-04T08:42:37.153Z
simo_prod	ods	b_bsp_cmts_group_customer	MANAGED	2024-09-17T12:33:23.987Z	2026-09-13T16:31:06.611Z
simo_prod	ods	b_bsp_cmts_group_customer_relation	MANAGED	2024-09-17T12:33:33.760Z	2026-09-12T21:37:16.611Z
simo_prod	ods	b_bsp_cmts_gwifi_order	MANAGED	2024-09-13T10:12:27.920Z	2026-08-31T19:54:26.930Z
simo_prod	ods	b_bsp_cmts_to_buy_product	MANAGED	2024-09-17T12:33:18.019Z	2026-09-10T19:32:39.488Z
simo_prod	ods	b_bsp_cmts_to_buy_product_20190101	MANAGED	2024-12-13T11:17:57.746Z	2026-08-04T08:32:57.561Z
simo_prod	ods	b_bsp_cmts_to_buy_product_tmp	MANAGED	2024-09-17T12:33:15.601Z	2026-09-13T12:30:24.895Z
simo_prod	ods	b_bsp_cmts_user	MANAGED	2024-09-17T12:33:31.202Z	2026-09-12T22:32:05.964Z
simo_prod	ods	b_bsp_ota_t_download_recod	MANAGED	2026-05-26T02:21:20.217Z	2026-08-30T23:59:17.648Z
simo_prod	ods	b_bsp_ota_t_terminal_type	MANAGED	2024-09-13T06:25:49.666Z	2026-09-15T23:32:44.986Z
simo_prod	ods	b_bsp_pcs_trade	MANAGED	2024-09-13T10:12:30.527Z	2026-09-13T06:31:05.254Z
simo_prod	ods	baidumap_location_information_data	MANAGED	2024-12-13T11:22:41.776Z	2026-08-04T08:39:09.857Z
simo_prod	ods	bi_configure_cfg_country_monitor_thresholds	MANAGED	2026-05-11T03:06:52.924Z	2026-09-16T00:46:25.921Z
simo_prod	ods	bigbro_smartops_diagnose	MANAGED	2024-09-13T12:06:37.446Z	2026-08-04T08:40:55.704Z
simo_prod	ods	bigbro_smartops_test_case	MANAGED	2024-09-13T12:06:40.702Z	2026-08-04T08:36:23.696Z
simo_prod	ods	bosslog_apdu	MANAGED	2024-09-19T09:40:45.819Z	2026-08-04T08:33:02.781Z
simo_prod	ods	bsp_migrate_device_assets_migrate_record_detail	MANAGED	2025-07-03T04:15:05.084Z	2026-07-30T09:01:15.911Z
simo_prod	ods	bsp_migrate_device_migrate_record	MANAGED	2025-04-23T03:35:54.779Z	2026-08-04T08:44:45.456Z
simo_prod	ods	bsp_mixpanel_data	MANAGED	2025-01-14T01:43:17.140Z	2026-06-30T08:10:48.591Z
simo_prod	ods	bsp_mixpanel_event_data	MANAGED	2024-11-14T08:05:07.941Z	2026-06-30T08:10:23.637Z
simo_prod	ods	bsp_order20_t_recharge_code	MANAGED	2025-06-23T02:24:59.381Z	2026-07-24T15:25:07.198Z
simo_prod	ods	bsp_order2_t_order	MANAGED	2024-09-20T04:51:16.706Z	2026-09-16T00:46:52.696Z
simo_prod	ods	bsp_order2_t_order_master	MANAGED	2024-09-20T03:59:42.052Z	2026-09-16T00:47:37.709Z
simo_prod	ods	bsp_order2_t_ts_subscribtion_task	MANAGED	2024-10-24T11:36:06.075Z	2026-09-09T22:25:01.403Z
simo_prod	ods	bsp_pms_2_0_t_commodity	MANAGED	2024-11-22T13:25:23.957Z	2026-08-04T08:42:00.599Z
simo_prod	ods	bsp_pms_2_0_t_product_combo	MANAGED	2024-09-13T10:30:40.351Z	2026-09-13T14:33:42.516Z
simo_prod	ods	bsp_pms_2_0_t_sku	MANAGED	2024-09-13T10:30:43.032Z	2026-09-13T16:30:37.933Z
simo_prod	ods	bsp_pms_2_0_t_spu	MANAGED	2024-09-13T10:30:37.660Z	2026-09-13T06:31:10.261Z
simo_prod	ods	bsp_pms_2_0_t_spu_relation	MANAGED	2026-03-05T09:44:45.103Z	2026-07-29T22:20:04.940Z
simo_prod	ods	bsp_promotion_change_subscription_order	MANAGED	2024-09-17T12:33:41.316Z	2026-08-04T08:39:51.998Z
simo_prod	ods	bsp_promotion_monthly_and_history	MANAGED	2024-09-12T13:23:16.041Z	2026-09-13T14:33:37.814Z
simo_prod	ods	bsp_promotion_monthly_and_history_tmp	MANAGED	2025-05-09T11:27:47.125Z	2026-09-16T05:31:24.245Z
simo_prod	ods	bsp_promotion_questionnaire	MANAGED	2026-06-08T01:51:59.851Z	2026-07-17T01:12:24.326Z
simo_prod	ods	bsp_promotion_repeating_coupon	MANAGED	2025-04-03T10:23:37.508Z	2026-08-04T08:44:36.111Z
simo_prod	ods	bsp_promotion_repeating_coupon_code	MANAGED	2025-04-03T10:23:59.484Z	2026-08-04T08:42:04.892Z
simo_prod	ods	cdb_cabinet	MANAGED	2026-07-16T05:59:55.599Z	2026-09-13T11:36:19.457Z
simo_prod	ods	cdb_cabinet_link_log	MANAGED	2026-07-16T05:59:52.703Z	2026-09-02T15:04:54.463Z
simo_prod	ods	cdb_daili	MANAGED	2026-08-03T06:35:05.878Z	2026-08-19T17:56:57.386Z
simo_prod	ods	cdr01	VIEW	2025-09-03T02:03:32.830Z	2026-07-17T03:43:10.371Z
simo_prod	ods	cdr_agg_daily	MANAGED	2024-09-25T08:47:22.372Z	2026-08-04T08:45:28.876Z
simo_prod	ods	cdr_his_data	MANAGED	2024-09-12T12:36:17.847Z	2026-08-04T08:35:13.075Z
simo_prod	ods	cdr_user_info	MANAGED	2026-08-13T03:20:40.277Z	2026-08-18T02:33:50.737Z
simo_prod	ods	cellid_all_data	MANAGED	2024-09-16T07:18:43.408Z	2026-08-04T08:37:25.587Z
simo_prod	ods	cellid_data_repair	MANAGED	2024-12-13T11:54:25.094Z	2026-08-04T08:35:52.411Z
simo_prod	ods	cellid_from_bosslog_all_data	MANAGED	2024-12-13T11:10:17.780Z	2026-08-04T08:46:59.548Z
simo_prod	ods	cellid_from_bosslog_all_data_with_sn	MANAGED	2024-09-24T10:13:19.588Z	2026-09-16T00:06:01.249Z
simo_prod	ods	cellid_from_heartbeat	MANAGED	2024-10-28T07:35:18.857Z	2026-09-16T00:23:35.561Z
simo_prod	ods	cellid_from_heartbeat_with_sn	MANAGED	2024-09-24T10:13:31.300Z	2026-09-16T00:05:48.525Z
simo_prod	ods	cellid_from_heartbeat_with_sn_tmp	MANAGED	2024-12-13T12:06:39.016Z	2026-08-04T08:45:06.134Z
simo_prod	ods	cellid_from_heartbeat_with_sn_tmp2	MANAGED	2024-12-13T11:55:13.896Z	2026-08-04T08:36:27.654Z
simo_prod	ods	cellid_from_log_30min	MANAGED	2024-09-17T07:37:15.399Z	2026-08-04T08:35:38.534Z
simo_prod	ods	cellid_gps_info_30min_special	MANAGED	2024-09-17T07:37:42.842Z	2026-08-04T08:32:11.493Z
simo_prod	ods	cellid_gps_info_30min_temp	MANAGED	2024-09-17T07:37:36.175Z	2026-08-04T08:36:09.793Z
simo_prod	ods	cellid_gps_info_310_repair	MANAGED	2024-12-13T11:10:58.811Z	2026-08-04T08:37:14.967Z
simo_prod	ods	cellid_gps_info_410_repair	MANAGED	2024-12-13T11:11:04.006Z	2026-08-04T08:45:34.847Z
simo_prod	ods	cellid_gps_info_460_repair	MANAGED	2024-12-13T12:27:43.456Z	2026-08-28T22:53:10.416Z
simo_prod	ods	cellid_gps_info_from_mls	MANAGED	2024-12-13T11:10:35.022Z	2026-08-04T08:38:03.272Z
simo_prod	ods	cellid_gps_manual_repair_data	MANAGED	2024-09-17T07:37:56.345Z	2026-08-29T06:50:54.547Z
simo_prod	ods	cellid_gps_manual_repair_data_tmp	MANAGED	2024-10-25T09:54:03.239Z	2026-08-04T08:40:56.363Z
simo_prod	ods	cellid_tmp	MANAGED	2024-09-16T07:19:33.926Z	2026-09-13T06:31:21.808Z
simo_prod	ods	cellid_zipcode_daily	MANAGED	2024-12-13T11:54:08.464Z	2026-08-28T22:53:31.975Z
simo_prod	ods	cfg_product_cost_monitor	MANAGED	2025-06-26T03:27:49.243Z	2026-06-30T08:11:01.190Z
simo_prod	ods	change_card_reason_relation	MANAGED	2024-12-13T11:11:17.929Z	2026-08-04T08:37:15.341Z
simo_prod	ods	cin7	MANAGED	2024-09-23T15:41:07.803Z	2026-08-04T08:36:07.794Z
simo_prod	ods	cin7_02_csv	MANAGED	2024-09-23T15:41:12.993Z	2026-08-04T08:40:31.722Z
simo_prod	ods	cin7_03_csv	MANAGED	2024-09-23T15:41:15.933Z	2026-08-04T08:36:07.199Z
simo_prod	ods	cin7_04_csv	MANAGED	2024-09-23T15:41:18.558Z	2026-08-04T08:40:48.015Z
simo_prod	ods	cin7_csv	MANAGED	2024-09-23T15:41:10.416Z	2026-08-04T08:40:27.826Z
simo_prod	ods	config_cfg_terminal_type	MANAGED	2024-09-13T07:13:11.944Z	2026-09-13T21:31:48.674Z
simo_prod	ods	config_cfg_terminal_type_bak	MANAGED	2024-09-13T07:11:24.241Z	2026-09-16T00:23:27.579Z
simo_prod	ods	config_cfg_terminal_type_extend	MANAGED	2026-02-26T08:06:30.459Z	2026-07-29T21:09:51.417Z
simo_prod	ods	config_dre_flow_fee	MANAGED	2024-09-17T08:45:49.246Z	2026-09-16T00:35:04.226Z
simo_prod	ods	config_dre_plmn_list	MANAGED	2024-09-17T08:45:46.357Z	2026-09-13T12:30:36.492Z
simo_prod	ods	config_dre_plmn_list_tmp	MANAGED	2024-12-13T11:09:30.311Z	2026-08-04T08:46:44.246Z
simo_prod	ods	config_dre_prod_type	MANAGED	2024-09-17T08:45:51.714Z	2026-09-13T05:40:28.830Z
simo_prod	ods	config_dse_plmn_list	MANAGED	2024-09-17T08:09:11.323Z	2026-09-16T06:31:45.494Z
simo_prod	ods	config_dse_prod_type	MANAGED	2024-09-13T07:08:03.208Z	2026-09-15T22:32:36.454Z
simo_prod	ods	config_dse_prod_type_country	MANAGED	2025-08-18T07:17:28.862Z	2026-08-25T07:39:04.189Z
simo_prod	ods	config_dse_prod_type_extend	MANAGED	2024-09-13T07:15:57.311Z	2026-09-13T05:40:26.609Z
simo_prod	ods	config_dse_sim_type	MANAGED	2024-09-17T12:33:36.148Z	2026-09-13T17:29:55.992Z
simo_prod	ods	config_sc_blade	MANAGED	2024-09-17T08:45:56.666Z	2026-08-31T00:56:33.131Z
simo_prod	ods	config_sc_board	MANAGED	2024-09-17T08:45:59.425Z	2026-09-16T00:35:25.339Z
simo_prod	ods	config_tag_conditions	MANAGED	2025-08-20T02:39:15.425Z	2026-09-15T22:33:25.798Z
simo_prod	ods	congig_cfg_channel_weight	MANAGED	2024-09-13T07:05:13.741Z	2026-09-13T16:31:04.219Z
simo_prod	ods	congig_cfg_channel_weight_bak	MANAGED	2024-09-13T07:09:52.654Z	2026-09-16T00:23:25.873Z
simo_prod	ods	congig_cfg_channel_weight_extend	MANAGED	2024-09-13T07:05:49.677Z	2026-08-04T08:32:55.738Z
simo_prod	ods	core_ac_terminal	MANAGED	2024-09-17T08:09:13.920Z	2026-09-13T12:30:56.306Z
simo_prod	ods	core_co_user	MANAGED	2024-09-13T07:00:00.338Z	2026-09-12T19:37:54.210Z
simo_prod	ods	core_co_user_activity	MANAGED	2025-09-15T02:19:29.754Z	2026-09-16T05:31:01.871Z
simo_prod	ods	core_co_user_activity_view	MANAGED	2025-09-15T02:18:26.915Z	2026-09-16T06:31:54.639Z
simo_prod	ods	core_co_user_tmp	MANAGED	2025-07-10T06:12:04.051Z	2026-09-15T17:42:17.636Z
simo_prod	ods	core_co_user_view	MANAGED	2025-09-15T02:28:15.055Z	2026-09-13T05:40:33.124Z
simo_prod	ods	core_dse_applylog	MANAGED	2024-11-20T10:45:07.463Z	2026-09-09T01:59:43.156Z
simo_prod	ods	databricks_meta_data	MANAGED	2025-12-26T09:51:58.108Z	2026-07-28T23:57:55.865Z
simo_prod	ods	dbm_to_strength	MANAGED	2024-12-13T11:11:01.293Z	2026-08-04T08:47:44.013Z
simo_prod	ods	delayed_data_the_previous_day	MANAGED	2024-09-26T07:22:23.380Z	2026-08-04T08:40:17.203Z
simo_prod	ods	device_bv_local_roaming_statistic	MANAGED	2024-09-23T13:22:44.910Z	2026-08-04T08:39:13.877Z
simo_prod	ods	device_init_log	MANAGED	2024-12-13T12:27:47.472Z	2026-08-04T08:38:59.219Z
simo_prod	ods	device_local_roaming_statistic	MANAGED	2024-09-27T10:48:06.894Z	2026-09-16T03:08:58.208Z
simo_prod	ods	device_sn_devicetype	MANAGED	2024-09-12T12:01:27.909Z	2026-09-16T07:44:32.754Z
simo_prod	ods	dre_dre_bottom_pool	MANAGED	2026-01-22T10:02:34.405Z	2026-06-30T08:10:31.238Z
simo_prod	ods	dre_dre_bottom_pool_rsim_share	MANAGED	2026-01-22T10:02:54.259Z	2026-07-02T16:28:48.045Z
simo_prod	ods	dre_dre_dre_rsim	MANAGED	2024-09-17T08:45:39.425Z	2026-09-13T09:29:03.033Z
simo_prod	ods	dre_dre_work_applylog	MANAGED	2024-09-12T12:38:07.098Z	2026-08-04T08:32:38.436Z
simo_prod	ods	dre_dre_work_applylog_tmp	MANAGED	2025-07-02T10:08:34.623Z	2026-09-12T23:29:52.039Z
simo_prod	ods	dre_dre_work_applylog_tmp1	MANAGED	2024-12-13T11:11:11.754Z	2026-08-04T08:39:46.215Z
simo_prod	ods	dre_work_applylog_tmp	MANAGED	2024-12-13T11:09:33.651Z	2026-08-04T08:41:38.030Z
simo_prod	ods	dse_apply_log	MANAGED	2024-12-13T12:27:56.329Z	2026-08-04T08:46:25.596Z
simo_prod	ods	dse_config_cfg_command	MANAGED	2026-04-15T06:03:15.706Z	2026-07-01T09:50:58.312Z
simo_prod	ods	dse_dre_combination	MANAGED	2025-11-25T09:34:37.420Z	2026-08-28T03:54:49.633Z
simo_prod	ods	dse_prod_type_country	MANAGED	2025-07-31T11:01:06.166Z	2026-07-31T09:35:22.116Z
simo_prod	ods	dse_sc_sc_sim	MANAGED	2024-09-17T08:46:02.331Z	2026-09-16T05:30:17.439Z
simo_prod	ods	dse_vsim_apply_log	MANAGED	2024-12-14T07:21:14.611Z	2026-07-30T09:04:14.509Z
simo_prod	ods	dse_vsim_apply_log_tmp	MANAGED	2024-12-14T08:12:16.203Z	2026-09-16T04:33:56.740Z
simo_prod	ods	dse_vsim_strategy_info	MANAGED	2026-06-08T10:59:31.986Z	2026-07-29T21:09:51.909Z
simo_prod	ods	dse_vsim_strategy_param	MANAGED	2026-06-08T11:04:17.343Z	2026-07-29T23:20:57.163Z
simo_prod	ods	dse_vsim_strategy_rule_info	MANAGED	2026-06-08T11:04:19.666Z	2026-07-29T20:34:54.863Z
simo_prod	ods	dse_vsim_strategy_rule_snatch	MANAGED	2026-06-08T11:04:27.159Z	2026-07-29T22:20:03.214Z
simo_prod	ods	dse_vsim_strategy_scene_info	MANAGED	2026-06-08T11:04:29.401Z	2026-07-29T19:29:16.985Z
simo_prod	ods	dse_vsim_strategy_scene_product	MANAGED	2026-06-08T11:04:32.280Z	2026-07-29T17:56:32.626Z
simo_prod	ods	dse_vsim_strategy_sort_rule	MANAGED	2026-06-08T11:04:34.388Z	2026-07-29T21:09:52.292Z
simo_prod	ods	dse_vsim_strategy_target	MANAGED	2026-06-08T11:04:36.377Z	2026-07-29T22:20:02.084Z
simo_prod	ods	exchangerate_data	MANAGED	2024-10-04T07:00:02.933Z	2026-09-13T14:33:35.060Z
simo_prod	ods	exchangerate_data_his	MANAGED	2024-09-16T11:19:19.810Z	2026-08-31T22:53:18.117Z
simo_prod	ods	exchangerate_data_tmp	MANAGED	2024-10-04T06:11:58.017Z	2026-09-15T23:32:39.341Z
simo_prod	ods	file_doorbell_history_from_jerry	MANAGED	2025-04-17T10:13:14.411Z	2026-08-04T08:38:27.082Z
simo_prod	ods	finadata_revenue_country	MANAGED	2024-10-24T11:01:03.974Z	2026-08-04T08:40:46.494Z
simo_prod	ods	finadata_revenue_order	MANAGED	2024-09-17T12:33:06.632Z	2026-08-04T08:41:05.622Z
simo_prod	ods	finadata_revenue_order_tmp	MANAGED	2024-09-17T12:33:03.711Z	2026-08-04T08:41:42.094Z
simo_prod	ods	gid_groupname	MANAGED	2024-12-13T11:10:07.954Z	2026-08-04T08:35:35.743Z
simo_prod	ods	gid_to_partner_account_mapping	MANAGED	2025-04-03T07:53:19.396Z	2026-08-04T08:37:19.461Z
simo_prod	ods	gid_type	MANAGED	2024-09-23T15:40:36.013Z	2026-08-04T08:48:14.738Z
simo_prod	ods	goole_api_counts	MANAGED	2024-09-17T07:37:50.082Z	2026-08-04T08:37:37.013Z
simo_prod	ods	imsi_carrierid	MANAGED	2024-09-12T14:49:35.491Z	2026-09-16T07:44:55.493Z
simo_prod	ods	imsi_carrierid_with_homecountry	MANAGED	2025-07-22T09:39:52.817Z	2026-09-15T16:31:47.296Z
simo_prod	ods	imsi_inventory_details_data	VIEW	2026-05-14T02:06:44.900Z	2026-06-30T08:10:50.852Z
simo_prod	ods	imsi_inventory_details_data01	VIEW	2026-05-14T02:07:10.637Z	2026-08-31T22:36:54.071Z
simo_prod	ods	imsi_inventory_details_data02	VIEW	2026-05-14T02:10:29.379Z	2026-08-31T22:36:54.457Z
simo_prod	ods	imsi_swap	MANAGED	2024-09-17T08:46:11.056Z	2026-09-16T07:01:02.397Z
simo_prod	ods	iot_account_t_iot_account_parent	MANAGED	2025-12-11T08:15:16.468Z	2026-06-30T08:10:53.845Z
simo_prod	ods	iterable_event_data	MANAGED	2024-09-12T07:12:42.658Z	2026-08-04T08:47:44.389Z
simo_prod	ods	iterable_user_profile_data	MANAGED	2024-09-12T08:17:12.803Z	2026-08-04T08:30:42.796Z
simo_prod	ods	japan_tsp_cellid	MANAGED	2024-12-13T12:27:59.377Z	2026-08-04T08:37:46.238Z
simo_prod	ods	kafka_order_center_order	MANAGED	2024-12-13T11:17:52.273Z	2026-08-04T08:36:46.707Z
simo_prod	ods	kafka_order_center_payment	MANAGED	2024-12-13T11:22:38.180Z	2026-08-04T08:40:20.212Z
simo_prod	ods	kafka_order_center_payment_count	MANAGED	2026-05-29T07:41:57.172Z	2026-09-16T03:20:20.131Z
simo_prod	ods	kafka_shopify_orders	MANAGED	2026-04-10T08:18:49.076Z	2026-09-16T02:27:38.381Z
simo_prod	ods	kafka_shopify_orders_bak20260410	MANAGED	2025-01-08T09:26:04.655Z	2026-08-04T08:45:24.581Z
simo_prod	ods	kafka_shopify_orders_check	MANAGED	2026-06-05T07:52:28.253Z	2026-09-16T03:20:21.048Z
simo_prod	ods	lbs_api_counts	MANAGED	2024-12-13T11:22:54.536Z	2026-08-04T08:42:24.697Z
simo_prod	ods	loadprofile_log	MANAGED	2024-09-26T08:10:06.179Z	2026-09-15T07:41:30.608Z
simo_prod	ods	mifi_data_plan	MANAGED	2024-09-20T11:44:26.973Z	2026-09-09T20:25:59.873Z
simo_prod	ods	mifi_order	MANAGED	2024-09-20T11:43:54.173Z	2026-09-10T10:34:30.296Z
simo_prod	ods	mifi_subs_order	MANAGED	2024-09-20T11:42:03.795Z	2026-09-10T11:26:28.462Z
simo_prod	ods	mixpanel_event_data	MANAGED	2024-09-12T08:18:20.496Z	2026-08-04T08:31:53.695Z
simo_prod	ods	mixpanel_user_profile_data	MANAGED	2024-09-12T08:19:12.272Z	2026-08-04T08:47:44.769Z
simo_prod	ods	ods_api_amazon_orders_original	MANAGED	2026-07-20T10:23:38.289Z	2026-08-11T20:59:12.108Z
simo_prod	ods	ods_api_amazon_orders_report_original	MANAGED	2026-07-20T10:59:40.232Z	2026-08-11T20:59:15.095Z
simo_prod	ods	ods_api_amazon_payment_original	MANAGED	2025-09-01T10:09:54.994Z	2026-09-16T03:11:31.097Z
simo_prod	ods	original_cdr	MANAGED	2024-10-24T02:31:52.571Z	2026-07-30T20:39:40.294Z
simo_prod	ods	osi_log	MANAGED	2024-09-26T08:21:49.782Z	2026-09-16T07:48:08.588Z
simo_prod	ods	osi_log_bak	MANAGED	2024-09-26T11:08:51.262Z	2026-08-04T08:47:06.570Z
simo_prod	ods	osi_log_file_info	MANAGED	2024-10-08T11:07:44.765Z	2026-09-16T07:48:22.766Z
simo_prod	ods	plmn_carrierid	MANAGED	2024-09-12T15:00:01.170Z	2026-09-16T07:00:57.888Z
simo_prod	ods	product_category	MANAGED	2024-10-24T02:18:45.133Z	2026-08-20T15:00:10.149Z
simo_prod	ods	product_category_original	MANAGED	2024-10-24T02:18:39.773Z	2026-08-21T05:01:07.275Z
simo_prod	ods	product_product	MANAGED	2024-09-13T10:22:45.062Z	2026-09-16T06:32:07.896Z
simo_prod	ods	product_speed_policy	MANAGED	2024-09-13T10:22:47.604Z	2026-08-04T08:47:43.227Z
simo_prod	ods	res_carrier_binlog_data	MANAGED	2024-09-12T10:17:02.311Z	2026-08-04T08:44:25.883Z
simo_prod	ods	res_product_change_info	MANAGED	2024-09-17T08:09:00.923Z	2026-09-16T04:33:54.175Z
simo_prod	ods	res_sim_bind_info_binlog_data	MANAGED	2024-09-12T10:17:54.027Z	2026-08-04T08:37:04.073Z
simo_prod	ods	res_vsim_billing_binlog_data	MANAGED	2024-09-12T10:18:49.210Z	2026-08-04T08:33:02.223Z
simo_prod	ods	res_vsim_billing_history_data	MANAGED	2024-12-13T11:09:00.124Z	2026-08-04T08:44:03.392Z
simo_prod	ods	res_vsim_deploy_binlog_data	MANAGED	2024-09-12T10:19:29.077Z	2026-08-04T08:32:00.792Z
simo_prod	ods	res_vsim_info_binlog_data	MANAGED	2024-09-12T10:20:15.755Z	2026-08-04T08:45:23.381Z
simo_prod	ods	res_vsim_info_history_data	MANAGED	2024-12-13T11:09:58.588Z	2026-08-04T08:42:37.848Z
simo_prod	ods	res_vsim_product_binlog_data	MANAGED	2024-09-12T10:21:11.504Z	2026-08-04T08:42:35.742Z
simo_prod	ods	res_vsim_product_history_data	MANAGED	2024-12-13T11:09:45.292Z	2026-08-04T08:37:30.420Z
simo_prod	ods	resource_binlog_data	MANAGED	2024-12-13T11:54:56.070Z	2026-08-04T08:40:13.799Z
simo_prod	ods	resource_config	MANAGED	2026-08-13T10:03:28.159Z	2026-08-20T17:04:30.967Z
simo_prod	ods	resource_config_decode	MANAGED	2026-08-17T06:52:26.724Z	2026-08-17T09:53:49.322Z
simo_prod	ods	resource_product_speed_policy	MANAGED	2025-08-15T02:34:47.099Z	2026-07-29T05:59:02.619Z
simo_prod	ods	resource_res_carrier	MANAGED	2024-09-12T14:55:50.397Z	2026-09-16T05:30:54.484Z
simo_prod	ods	resource_res_country	MANAGED	2024-09-13T10:22:50.613Z	2026-09-15T05:30:37.979Z
simo_prod	ods	resource_res_dict_params	MANAGED	2025-12-01T02:17:20.093Z	2026-06-30T08:10:58.357Z
simo_prod	ods	resource_res_exchange_rate	MANAGED	2024-09-17T08:45:54.245Z	2026-09-13T12:30:19.085Z
simo_prod	ods	resource_res_ip_location	MANAGED	2024-09-17T08:46:04.642Z	2026-09-15T05:30:35.321Z
simo_prod	ods	resource_res_mcc	MANAGED	2024-09-12T12:43:10.963Z	2026-09-15T17:42:43.151Z
simo_prod	ods	resource_res_product_fee_list	MANAGED	2024-09-12T10:50:07.342Z	2026-09-15T02:36:43.734Z
simo_prod	ods	resource_res_purchase_order_list	MANAGED	2026-09-15T08:56:42.352Z	2026-09-15T09:30:21.176Z
simo_prod	ods	resource_res_sim_bind_info	MANAGED	2024-09-25T12:14:28.049Z	2026-09-13T09:29:10.280Z
simo_prod	ods	resource_res_sim_bind_info_his	MANAGED	2024-12-13T11:09:26.974Z	2026-08-04T08:39:01.465Z
simo_prod	ods	resource_res_terminal	MANAGED	2025-08-04T06:59:30.163Z	2026-06-30T08:10:28.131Z
simo_prod	ods	resource_res_user_operate_log	MANAGED	2026-06-25T10:44:23.121Z	2026-06-30T08:10:48.143Z
simo_prod	ods	resource_res_vsim_billing	MANAGED	2024-09-17T08:09:21.364Z	2026-09-15T18:34:52.510Z
simo_prod	ods	resource_res_vsim_billing_tmp	MANAGED	2024-12-13T11:09:16.428Z	2026-08-04T08:37:21.980Z
simo_prod	ods	resource_res_vsim_billing_tmp_view	MANAGED	2025-07-04T02:18:47.194Z	2026-09-13T11:37:21.638Z
simo_prod	ods	resource_res_vsim_cycle_history	MANAGED	2024-09-13T10:22:53.014Z	2026-09-16T00:34:02.791Z
simo_prod	ods	resource_res_vsim_deploy	MANAGED	2024-09-25T12:14:22.292Z	2026-09-15T22:33:28.690Z
simo_prod	ods	resource_res_vsim_deploy_hex_plmnsel	MANAGED	2025-01-08T01:42:50.301Z	2026-09-16T00:38:29.599Z
simo_prod	ods	resource_res_vsim_deploy_tmp	MANAGED	2024-12-13T12:06:16.596Z	2026-08-04T08:45:33.053Z
simo_prod	ods	resource_res_vsim_deploy_tmp_view	MANAGED	2025-07-04T02:21:04.117Z	2026-09-13T05:40:35.559Z
simo_prod	ods	resource_res_vsim_info	MANAGED	2024-09-25T12:14:25.291Z	2026-09-15T17:42:32.800Z
simo_prod	ods	resource_res_vsim_info_tmp	MANAGED	2024-12-13T12:35:22.278Z	2026-08-04T08:37:01.697Z
simo_prod	ods	resource_res_vsim_info_tmp_view	MANAGED	2025-07-04T02:04:36.977Z	2026-09-15T17:41:52.855Z
simo_prod	ods	resource_res_vsim_product	MANAGED	2024-09-12T10:49:55.944Z	2026-09-15T22:33:18.803Z
simo_prod	ods	resource_res_vsim_status_log	MANAGED	2026-09-15T03:06:44.476Z	2026-09-15T04:36:09.362Z
simo_prod	ods	resource_res_vsim_status_log_tmp	MANAGED	2024-11-22T12:48:16.540Z	2026-09-16T05:31:07.960Z
simo_prod	ods	resource_user_user	MANAGED	2024-09-13T10:22:55.400Z	2026-09-16T00:35:21.104Z
simo_prod	ods	resource_user_user_tmp	MANAGED	2024-09-17T08:08:49.567Z	2026-09-16T05:31:38.679Z
simo_prod	ods	rsim_cdr_agg_daily	MANAGED	2024-09-23T12:17:37.036Z	2026-09-16T00:10:39.610Z
simo_prod	ods	rsim_cdr_tmp	MANAGED	2024-09-17T08:46:07.982Z	2026-09-16T07:01:00.591Z
simo_prod	ods	rsim_imsi_carrier	MANAGED	2024-09-12T12:41:09.339Z	2026-09-16T07:39:13.150Z
simo_prod	ods	sc_application_data_kafka	MANAGED	2024-09-18T06:51:54.077Z	2026-08-04T08:36:43.439Z
simo_prod	ods	sc_application_data_log	MANAGED	2024-12-13T12:27:35.362Z	2026-08-04T08:47:38.951Z
simo_prod	ods	sc_application_kafka_monitor_log	MANAGED	2024-12-13T11:22:34.308Z	2026-08-04T08:41:03.051Z
simo_prod	ods	sc_publicize_kafka_monitor_log	MANAGED	2024-09-13T12:33:24.505Z	2026-08-04T08:38:06.514Z
simo_prod	ods	sc_publicize_log	MANAGED	2024-09-13T12:31:06.526Z	2026-08-04T08:36:50.387Z
simo_prod	ods	sc_revenue_store	MANAGED	2024-09-23T11:11:35.495Z	2026-09-16T03:08:10.183Z
simo_prod	ods	shipment_equipment_last3_month_details	MANAGED	2024-09-23T15:41:05.034Z	2026-08-04T08:46:10.347Z
simo_prod	ods	sim_diag_history_log	MANAGED	2024-11-20T09:55:38.196Z	2026-09-03T21:21:45.453Z
simo_prod	ods	sim_diag_history_log_tmp	MANAGED	2025-07-11T00:22:09.859Z	2026-09-13T06:30:58.161Z
simo_prod	ods	simo_account_t_iot_end_user	MANAGED	2025-06-03T07:54:23.270Z	2026-09-15T23:32:49.412Z
simo_prod	ods	simo_account_t_iot_user_pool	MANAGED	2025-08-25T03:35:17.296Z	2026-07-27T01:17:55.965Z
simo_prod	ods	simo_device_t_device_type_reference_design	MANAGED	2026-09-09T01:57:20.319Z	2026-09-15T05:30:43.549Z
simo_prod	ods	simo_device_t_dispatch_rule	MANAGED	2026-04-24T06:30:17.123Z	2026-09-10T20:52:38.369Z
simo_prod	ods	simo_device_t_vsim_rule_name_dictionary	MANAGED	2026-04-24T06:30:35.709Z	2026-08-30T11:52:35.861Z
simo_prod	ods	simo_on_iterable_event_data	MANAGED	2026-09-11T03:38:35.301Z	2026-09-11T03:38:35.301Z
simo_prod	ods	simo_on_iterable_user_profile_data	MANAGED	2026-09-11T03:38:39.194Z	2026-09-11T03:38:39.194Z
simo_prod	ods	simo_on_mixpanel_event_data	MANAGED	2026-09-11T03:38:41.725Z	2026-09-11T03:38:41.725Z
simo_prod	ods	simo_on_mixpanel_user_profile_data	MANAGED	2026-09-11T03:38:44.046Z	2026-09-11T03:38:44.046Z
simo_prod	ods	simo_order_t_renewal_history	MANAGED	2025-08-13T03:03:58.469Z	2026-08-22T23:53:59.971Z
simo_prod	ods	simo_plan_t_iot_commercial_plan_coverage	MANAGED	2025-11-24T11:46:47.459Z	2026-07-28T20:59:02.259Z
simo_prod	ods	simo_plan_t_iot_rate	MANAGED	2025-11-25T10:35:43.812Z	2026-07-28T18:53:39.718Z
simo_prod	ods	simo_promotion_promo_coupon_code	MANAGED	2025-08-13T03:12:31.713Z	2026-07-07T18:02:57.469Z
simo_prod	ods	simo_rental_t_travel_task	MANAGED	2025-05-26T02:14:24.206Z	2026-09-10T08:02:53.987Z
simo_prod	ods	simplifiedstate_daily	MANAGED	2024-12-13T11:54:22.378Z	2026-08-04T08:47:23.491Z
simo_prod	ods	singtel_cdr_data	MANAGED	2026-09-02T06:15:05.298Z	2026-09-16T07:04:28.423Z
simo_prod	ods	skylogs	MANAGED	2024-12-13T11:11:25.450Z	2026-08-04T08:38:40.634Z
simo_prod	ods	skyroam_client_cdb_batcab	MANAGED	2025-05-16T06:01:08.352Z	2026-06-30T08:10:59.288Z
simo_prod	ods	smartops_to_outpool_area	MANAGED	2024-09-13T07:00:56.848Z	2026-08-04T08:38:10.056Z
simo_prod	ods	smartops_to_outpool_area_tmp	MANAGED	2025-07-11T00:21:29.845Z	2026-06-30T08:10:46.259Z
simo_prod	ods	smartops_to_outpool_local	MANAGED	2024-09-13T07:01:45.508Z	2026-08-04T08:35:31.067Z
simo_prod	ods	smartops_to_outpool_local_tmp	MANAGED	2025-07-11T00:21:34.773Z	2026-06-30T08:10:39.049Z
simo_prod	ods	sn_accountid_relation	MANAGED	2024-10-24T02:32:13.493Z	2026-09-16T05:31:05.152Z
simo_prod	ods	sn_accountid_relation_original	MANAGED	2024-10-24T02:31:51.420Z	2026-08-21T19:01:04.555Z
simo_prod	ods	sn_country	MANAGED	2024-09-23T15:40:48.903Z	2026-08-04T08:37:34.150Z
simo_prod	ods	sn_mcc_from_bsp	MANAGED	2024-09-23T15:40:43.379Z	2026-08-04T08:32:43.848Z
simo_prod	ods	special_cellid_manual_repair_data	MANAGED	2024-10-25T09:53:59.388Z	2026-08-29T07:52:46.432Z
simo_prod	ods	special_cellid_manual_repair_data2	MANAGED	2024-09-17T07:38:04.908Z	2026-08-04T08:43:29.843Z
simo_prod	ods	special_cellid_manual_repair_data2_tmp	MANAGED	2024-10-25T09:54:07.341Z	2026-08-04T08:34:58.583Z
simo_prod	ods	special_cellid_manual_repair_data_tmp	MANAGED	2024-10-25T09:53:49.767Z	2026-08-04T08:38:55.438Z
simo_prod	ods	sqb_vsim_country_cycle_flux	MANAGED	2024-10-24T12:15:32.972Z	2026-08-04T08:43:05.793Z
simo_prod	ods	sqb_vsim_country_cycle_flux_tmp	MANAGED	2024-12-13T11:10:56.142Z	2026-08-04T08:39:24.727Z
simo_prod	ods	sqb_vsim_country_cycle_flux_tmp_view	MANAGED	2025-07-04T02:26:56.711Z	2026-07-27T07:34:51.122Z
simo_prod	ods	srsim_apply_log_kafka	MANAGED	2024-09-13T06:32:12.111Z	2026-08-04T08:39:24.092Z
simo_prod	ods	state_daily	MANAGED	2024-12-13T11:09:24.465Z	2026-08-04T08:36:02.598Z
simo_prod	ods	syniverse_cdr_detail	MANAGED	2026-05-11T01:59:20.473Z	2026-08-28T11:00:56.716Z
simo_prod	ods	t0b_country_inventory_diag_log	MANAGED	2025-04-11T09:25:59.496Z	2026-09-01T20:56:14.608Z
simo_prod	ods	t0b_log_history	MANAGED	2024-09-13T07:04:40.439Z	2026-08-04T08:36:33.124Z
simo_prod	ods	t0b_log_history_tmp	MANAGED	2024-09-13T07:04:01.197Z	2026-09-16T06:32:05.896Z
simo_prod	ods	t_account_product_associate	MANAGED	2024-09-17T08:09:03.406Z	2026-09-15T23:32:42.376Z
simo_prod	ods	t_account_product_associate_history	MANAGED	2024-09-17T08:08:55.975Z	2026-08-30T08:52:06.901Z
simo_prod	ods	t_device_account_associate_history	MANAGED	2024-09-17T08:08:58.367Z	2026-09-02T04:04:23.550Z
simo_prod	ods	t_device_associate_history	MANAGED	2025-07-24T02:51:01.626Z	2026-09-13T12:30:38.117Z
simo_prod	ods	t_iot_account	MANAGED	2024-09-12T14:30:49.724Z	2026-09-15T22:33:45.446Z
simo_prod	ods	t_iot_commercial_plan	MANAGED	2025-04-24T01:56:48.616Z	2026-09-13T16:30:44.306Z
simo_prod	ods	t_iot_commercial_plan_order	MANAGED	2025-11-28T01:51:33.647Z	2026-09-16T05:31:44.571Z
simo_prod	ods	t_iot_commercial_plan_order_detail	MANAGED	2026-02-04T06:36:40.912Z	2026-08-31T22:36:53.238Z
simo_prod	ods	t_iot_commercial_plan_order_detail_extend	MANAGED	2024-09-13T08:59:53.218Z	2026-09-15T17:42:14.834Z
simo_prod	ods	t_iot_commercial_plan_order_detail_old	MANAGED	2025-03-07T05:52:09.898Z	2026-08-27T13:04:15.535Z
simo_prod	ods	t_iot_commercial_plan_order_detail_tmp	MANAGED	2025-03-07T07:57:25.344Z	2026-09-16T06:32:00.948Z
simo_prod	ods	t_iot_commercial_plan_order_tmp	MANAGED	2024-11-25T11:03:21.716Z	2026-09-16T06:32:03.509Z
simo_prod	ods	t_iot_commercial_top_up	MANAGED	2025-09-18T09:36:22.865Z	2026-09-13T17:30:08.509Z
simo_prod	ods	t_iot_device	MANAGED	2025-08-20T03:30:09.232Z	2026-09-15T22:33:07.867Z
simo_prod	ods	t_iot_device_bind_enduser	MANAGED	2024-11-25T11:02:19.669Z	2026-09-13T14:33:24.659Z
simo_prod	ods	t_iot_devicetype	MANAGED	2024-09-12T14:34:50.052Z	2026-09-16T00:34:13.538Z
simo_prod	ods	t_iot_dictionaries_data	MANAGED	2024-09-12T14:39:33.447Z	2026-09-13T21:31:46.114Z
simo_prod	ods	t_iot_end_user_subscription	MANAGED	2026-01-16T10:34:33.042Z	2026-09-16T04:33:58.901Z
simo_prod	ods	t_iot_res_mcc	MANAGED	2024-09-17T08:09:05.798Z	2026-09-15T22:33:41.197Z
simo_prod	ods	t_iot_usage_bucket	MANAGED	2025-04-22T11:01:36.025Z	2026-09-09T20:26:02.474Z
simo_prod	ods	t_iot_usage_consolidate_day	MANAGED	2024-09-25T08:47:25.629Z	2026-08-04T08:45:20.805Z
simo_prod	ods	t_sftp_report_to_generate	MANAGED	2025-08-04T06:44:23.088Z	2026-07-13T07:39:31.287Z
simo_prod	ods	tc_api_monitor_data	MANAGED	2024-09-12T08:20:15.340Z	2026-08-04T08:41:50.345Z
simo_prod	ods	test_account	MANAGED	2025-12-26T01:56:47.313Z	2026-06-30T08:10:44.247Z
simo_prod	ods	time_period_division	MANAGED	2024-09-19T12:21:55.614Z	2026-08-04T08:44:51.120Z
simo_prod	ods	time_zone_division	MANAGED	2024-09-19T11:43:08.920Z	2026-08-04T08:47:22.843Z
simo_prod	ods	tmlog_log	MANAGED	2024-12-13T13:13:48.871Z	2026-08-04T08:37:44.194Z
simo_prod	ods	tmlog_new_us_path	MANAGED	2024-12-13T11:09:42.752Z	2026-08-04T08:36:42.821Z
simo_prod	ods	ts_cdb_shop	MANAGED	2024-09-20T11:45:02.601Z	2026-09-14T03:30:00.204Z
simo_prod	ods	tv_sqb_vsim_country_cycle_flux	VIEW	2026-08-28T02:04:24.105Z	2026-08-28T02:04:24.105Z
simo_prod	ods	tv_sqb_vsim_country_cycle_flux2	VIEW	2025-07-30T12:59:29.388Z	2026-06-30T08:10:53.826Z
simo_prod	ods	tv_sqb_vsim_country_cycle_flux_to_ck	MANAGED	2025-09-18T06:51:53.732Z	2026-09-16T08:03:20.834Z
simo_prod	ods	tv_sqb_vsim_country_cycle_flux_to_ck_bak	MANAGED	2025-12-19T03:39:28.951Z	2026-09-16T08:03:25.940Z
simo_prod	ods	tv_sqb_vsim_country_cycle_flux_update_to_ck	MANAGED	2025-12-19T06:10:16.209Z	2026-09-16T08:03:24.849Z
simo_prod	ods	upload_simo_inside_logs	MANAGED	2026-04-21T04:03:24.574Z	2026-09-16T07:02:32.482Z
simo_prod	ods	uqb_cdr	MANAGED	2026-08-13T06:08:49.508Z	2026-08-18T02:34:10.541Z
simo_prod	ods	vsim_imsi_swap	MANAGED	2024-12-13T11:11:15.061Z	2026-07-26T18:27:32.128Z
simo_prod	ods	vsim_session_event	MANAGED	2024-09-12T10:32:54.680Z	2026-08-04T08:48:08.603Z
simo_prod	ods	vsimapplylog	MANAGED	2024-12-13T12:06:11.643Z	2026-06-30T08:10:53.550Z
simo_prod	ods	vsimlog	MANAGED	2024-09-12T12:40:22.254Z	2026-09-11T06:16:29.311Z
simo_prod	ods	wrsim_apply_log	MANAGED	2024-09-12T08:22:32.421Z	2026-08-04T08:38:02.016Z
simo_prod	ods	wrsim_apply_log_kafka	MANAGED	2024-09-13T06:32:05.269Z	2026-07-30T09:04:15.933Z
simo_prod	ods	zendesk_comments_chat	MANAGED	2024-12-13T11:22:57.429Z	2026-09-15T08:39:00.061Z
simo_prod	ods	zendesk_comments_chat_details	MANAGED	2025-03-14T09:31:08.119Z	2026-09-15T08:39:24.653Z
simo_prod	ods	zendesk_request_comments	MANAGED	2024-12-13T11:54:11.202Z	2026-08-29T03:55:20.535Z
simo_prod	ods	zendesk_requests	MANAGED	2024-12-13T11:22:48.253Z	2026-08-04T08:43:32.756Z
simo_prod	ods	zendesk_search_tickets	MANAGED	2025-03-20T09:05:25.212Z	2026-08-04T08:46:37.201Z
simo_prod	ods	zendesk_ticket_comments	MANAGED	2025-03-20T10:48:04.269Z	2026-09-15T08:38:52.406Z
simo_prod	ods	zendesk_ticket_comments_history	MANAGED	2025-04-16T07:12:25.883Z	2026-08-04T08:39:11.902Z
simo_prod	ods	zendesk_tickets	MANAGED	2024-12-13T11:11:20.809Z	2026-08-04T08:44:34.099Z
simo_prod	qa	flow_inventory_billing_info	MANAGED	2025-07-31T10:13:16.825Z	2026-08-27T23:55:00.719Z
simo_prod	qa	resource_res_vsim_product	MANAGED	2025-05-13T06:10:50.114Z	2026-07-29T17:01:58.611Z
simo_prod	qa	vc_dwd_cost_vsim	MANAGED	2024-12-13T08:30:01.886Z	2026-08-29T06:51:21.345Z
simo_prod	qa	vc_dwd_cost_vsim_correction	MANAGED	2024-12-13T08:47:19.286Z	2026-08-29T06:50:49.798Z
simo_prod	qa	vsim_flow_inventory	MANAGED	2025-07-31T10:14:08.703Z	2026-08-28T03:55:34.276Z
simo_prod	qoe	vsim_apply_log	MANAGED	2025-03-26T09:38:34.777Z	2026-07-25T10:35:29.072Z
simo_prod	qoe	vsim_imsi_druation	MANAGED	2025-03-26T09:44:24.113Z	2026-09-16T03:34:37.709Z
simo_prod	qoe	vsim_imsi_druation01	MANAGED	2025-04-11T03:02:21.160Z	2026-09-16T03:34:42.035Z
simo_prod	reporting_platform_upload	billing_details_currency	MANAGED	2024-12-13T07:30:06.055Z	2026-08-04T08:48:26.339Z
simo_prod	reporting_platform_upload	cost_vsim_manual_correction	MANAGED	2024-10-28T06:55:12.399Z	2026-08-04T08:47:58.844Z
simo_prod	reporting_platform_upload	res_vsim_product_cost	MANAGED	2024-10-28T06:34:32.287Z	2026-08-04T08:40:59.836Z
simo_prod	reporting_platform_upload	used_for_vsim_productid_list	MANAGED	2025-08-11T03:06:15.976Z	2026-08-04T08:36:30.137Z
simo_prod	reporting_platform_upload	wing_card_billing202510_20251119_153852_1	MANAGED	2025-11-19T07:38:55.122Z	2026-07-28T20:59:03.497Z
simo_prod	reporting_platform_upload	wing_card_billing_details_20251030_105328_1	MANAGED	2025-10-30T02:53:30.679Z	2026-08-29T03:55:25.784Z
simo_prod	sam	vsim_dispatch_miss_mtk_reason	MANAGED	2024-12-13T08:56:23.641Z	2026-08-04T08:32:04.528Z
simo_prod	sim_dispatching	vsim_availability_data_with_region_hbase_bascica_daily_last_year	MANAGED	2025-06-27T03:07:27.295Z	2026-08-04T08:39:12.933Z
simo_prod	sim_dispatching	vsim_availability_data_with_region_hbase_bascica_daily_last_year_heartbeat	MANAGED	2025-06-27T03:11:10.530Z	2026-08-04T08:41:11.703Z
simo_prod	sim_dispatching	vsim_availability_data_with_region_hbase_bascica_daily_last_year_heartbeat_basic	MANAGED	2025-06-27T03:09:57.946Z	2026-08-04T08:32:58.148Z
simo_prod	sim_dispatching	vsim_availability_data_with_region_hbase_bascica_daily_summary_result	MANAGED	2025-06-27T03:14:10.881Z	2026-08-04T08:41:09.638Z
simo_prod	sim_dispatching	vsim_availability_result_imsi_bak	MANAGED	2024-12-14T06:43:36.021Z	2026-08-27T12:57:39.952Z
simo_prod	sim_dispatching	vsim_imsi_basic_info	MANAGED	2025-08-08T03:32:28.688Z	2026-08-04T08:31:56.712Z
simo_prod	sim_dispatching	vsim_imsi_plmn	MANAGED	2025-07-21T08:19:17.099Z	2026-08-04T08:38:15.887Z
simo_prod	sim_dispatching	vsim_imsi_product_info	MANAGED	2025-07-16T08:50:28.457Z	2026-08-04T08:38:36.683Z
simo_prod	sim_dispatching	vsim_plmn_availability_result_imsi_bak	MANAGED	2024-12-17T03:26:10.369Z	2026-08-27T12:59:32.618Z
simo_prod	sim_dispatching	vsim_plmn_availability_result_imsi_bak_result	MANAGED	2024-12-14T06:46:06.642Z	2026-08-27T13:00:20.069Z
simo_prod	sim_dispatching	vsim_product_optimize_info_main	MANAGED	2025-08-08T11:43:41.807Z	2026-08-29T10:53:24.716Z
simo_prod	smartops	core_vsim_applylog_split	MANAGED	2024-12-13T06:40:48.189Z	2026-06-30T07:47:53.885Z
simo_prod	smartops	dse_vsim_applylog_result	MANAGED	2024-12-13T07:04:19.623Z	2026-08-05T06:56:31.433Z
simo_prod	smartops	dwd_vsim_appoint_log_detail	MANAGED	2026-08-11T07:21:13.008Z	2026-08-20T05:58:39.132Z
simo_prod	smartops	mv_vsim_inventory_metrics	METRIC_VIEW	2026-04-10T08:18:42.415Z	2026-06-30T08:06:45.252Z
simo_prod	smartops	simo_vsim_product_01	MANAGED	2024-12-13T07:04:34.145Z	2026-09-15T10:11:54.903Z
simo_prod	smartops	snapshot_schema_t_vsim_snapshot	MANAGED	2024-11-20T08:21:21.350Z	2026-09-03T10:04:09.934Z
simo_prod	smartops	v_resource_res_vsim_billing	VIEW	2026-08-19T07:20:49.802Z	2026-08-19T07:26:16.019Z
simo_prod	smartops	v_resource_res_vsim_product	VIEW	2026-08-19T07:20:49.247Z	2026-08-19T07:26:15.592Z
simo_prod	smartops	vsim_apply_cdr_daily	MANAGED	2026-07-16T06:08:14.542Z	2026-07-19T08:11:19.412Z
simo_prod	smartops	vsim_country_product_inventory_daily	MANAGED	2024-12-13T07:04:17.029Z	2026-06-30T07:47:56.129Z
simo_prod	smartops	vsim_prediction_log	MANAGED	2026-07-20T06:20:22.555Z	2026-07-20T06:20:22.555Z
simo_prod	statedata_all	vsimstate	MANAGED	2024-09-12T10:46:58.090Z	2026-08-31T02:06:57.485Z
simo_prod	tc_cdr	mv_account_product_traffic_metrics	METRIC_VIEW	2026-04-10T06:37:32.043Z	2026-06-30T08:09:43.932Z
simo_prod	tc_cdr	mv_cdr_traffic_metrics	METRIC_VIEW	2026-04-10T06:23:48.940Z	2026-06-30T08:09:17.033Z
simo_prod	tc_cdr	records_details_add_data_need_process	MANAGED	2025-03-20T03:34:43.927Z	2026-09-16T07:12:55.707Z
simo_prod	tc_cdr	records_details_add_data_notneed_process	MANAGED	2025-03-19T10:49:04.902Z	2026-09-16T07:11:20.283Z
simo_prod	tc_cdr	records_details_add_data_process_result	MANAGED	2025-03-24T06:13:39.549Z	2026-09-16T07:11:41.721Z
simo_prod	tc_cdr	sim_status_for_sftp	MANAGED	2024-09-26T08:28:31.606Z	2026-09-16T07:13:53.755Z
simo_prod	tc_cdr	sim_status_for_sftp_bak	MANAGED	2024-09-26T08:28:37.255Z	2026-09-16T07:14:58.551Z
simo_prod	tc_cdr	sim_status_for_sftp_daily	MANAGED	2024-09-26T09:28:12.082Z	2026-09-16T04:34:06.558Z
simo_prod	tc_cdr	sim_status_for_sftp_daily_bak	MANAGED	2024-10-30T08:07:26.414Z	2026-09-16T00:33:03.675Z
simo_prod	tc_cdr	sim_status_for_sftp_monthly	MANAGED	2024-09-25T12:14:17.988Z	2026-09-01T00:36:48.397Z
simo_prod	tc_cdr	tc_udr_billing_report	MANAGED	2024-12-14T01:54:28.446Z	2026-09-10T08:33:01.888Z
simo_prod	tc_cdr	tc_udr_billing_report_add_data	MANAGED	2025-02-14T06:33:29.997Z	2026-09-03T00:34:52.590Z
simo_prod	tc_cdr	tc_udr_usage_data_records01_new	VIEW	2025-09-04T03:07:16.463Z	2026-06-30T08:10:17.281Z
simo_prod	tc_cdr	tc_udr_usage_data_records01_new_his	MANAGED	2024-09-12T17:00:38.173Z	2026-08-04T08:48:29.066Z
simo_prod	tc_cdr	tc_udr_usage_data_records_details	MANAGED	2024-10-29T07:01:14.970Z	2026-08-04T08:44:35.254Z
simo_prod	tc_cdr	tc_udr_usage_data_records_details_add_data	MANAGED	2025-02-14T03:29:27.629Z	2026-09-16T07:10:49.630Z
simo_prod	tc_cdr	tc_udr_usage_data_records_details_rapir_data	MANAGED	2025-03-24T06:11:43.578Z	2026-09-16T07:12:13.764Z
simo_prod	tc_cdr	tc_udr_usage_data_records_details_repair_data	MANAGED	2026-01-14T07:31:15.984Z	2026-06-30T08:09:17.912Z
simo_prod	tc_cdr	tc_udr_usage_records_daily_device	MANAGED	2024-10-30T08:06:41.637Z	2026-08-04T08:42:47.100Z
simo_prod	tc_cdr	tc_udr_usage_records_daily_device_add_data	MANAGED	2025-02-14T06:00:34.453Z	2026-09-16T00:32:25.710Z
simo_prod	tc_cdr	tc_udr_usage_records_daily_imsi	MANAGED	2024-10-30T08:08:01.611Z	2026-08-04T08:38:00.511Z
simo_prod	tc_cdr	tc_udr_usage_records_daily_imsi_add_data	MANAGED	2025-02-14T06:01:57.808Z	2026-09-16T00:34:53.633Z
simo_prod	tc_cdr	tc_udr_usage_records_hourly_device	MANAGED	2024-10-29T06:56:13.435Z	2026-08-04T08:47:56.548Z
simo_prod	tc_cdr	tc_udr_usage_records_hourly_device_add	MANAGED	2025-02-14T03:34:56.952Z	2026-09-16T07:13:39.175Z
simo_prod	tc_cdr	tc_udr_usage_records_hourly_imsi	MANAGED	2024-10-29T06:57:06.089Z	2026-08-04T08:45:26.678Z
simo_prod	tc_cdr	tc_udr_usage_records_hourly_imsi_add_data	MANAGED	2025-02-14T03:39:31.766Z	2026-09-16T07:14:21.634Z
simo_prod	tc_cdr	tc_udr_usage_records_monthly_device	MANAGED	2024-10-30T09:23:07.788Z	2026-08-04T08:40:16.037Z
simo_prod	tc_cdr	tc_udr_usage_records_monthly_device_add_data	MANAGED	2025-02-14T06:25:59.471Z	2026-09-01T00:36:04.582Z
simo_prod	tc_cdr	tc_udr_usage_records_monthly_imsi	MANAGED	2024-10-30T09:23:44.112Z	2026-08-04T08:31:51.925Z
simo_prod	tc_cdr	tc_udr_usage_records_monthly_imsi_add_data	MANAGED	2025-02-14T06:25:28.108Z	2026-09-01T00:43:32.480Z
simo_prod	test	qoe_vsim_dbm	MANAGED	2025-03-19T07:36:35.639Z	2026-09-16T00:31:02.914Z
simo_prod	tmp	card_billing_apr_jun_with_pace	MANAGED	2026-07-01T10:37:59.698Z	2026-08-28T18:46:11.611Z
simo_prod	tmp	card_billing_test	MANAGED	2025-12-19T02:34:21.675Z	2026-08-29T00:59:25.361Z
simo_prod	tmp	card_billing_test01	MANAGED	2026-03-09T09:27:32.766Z	2026-09-15T11:32:19.389Z
simo_prod	tmp	change_card_traffic_data_result	MANAGED	2026-07-16T08:23:09.462Z	2026-08-27T17:00:41.945Z
simo_prod	tmp	imsi_unit_cost	MANAGED	2026-05-21T07:15:57.541Z	2026-08-29T09:58:54.841Z
simo_prod	tmp	imsi_use_by_wing_rate	MANAGED	2026-05-21T07:06:26.680Z	2026-08-29T10:53:33.973Z
simo_prod	tmp	result_device_tag	MANAGED	2026-08-25T10:43:17.667Z	2026-09-16T06:31:47.825Z
simo_prod	tmp	simple_state_repair	MANAGED	2026-05-18T02:17:38.590Z	2026-08-29T04:55:19.603Z
simo_prod	tmp	t_sftp_report_to_generate	MANAGED	2026-07-23T01:58:39.537Z	2026-09-13T11:36:59.175Z
simo_prod	tmp	tag_conditions	MANAGED	2026-08-25T09:29:11.630Z	2026-09-13T20:46:03.984Z
simo_prod	tmp	tag_definitions	MANAGED	2026-08-25T09:29:14.638Z	2026-08-25T10:00:26.990Z
simo_prod	tmp	tc_udr_usage_data_records_details_repair_data	MANAGED	2025-05-30T07:38:27.438Z	2026-06-29T18:32:31.393Z
simo_prod	tmp	tc_udr_usage_data_records_details_repair_data01	MANAGED	2026-06-22T06:20:21.214Z	2026-08-28T02:01:30.490Z
simo_prod	tmp	tc_udr_usage_data_records_details_repair_orignalcdr	MANAGED	2025-05-30T07:34:03.161Z	2026-08-28T05:57:07.272Z
simo_prod	tmp	test_240403	MANAGED	2024-09-24T07:09:30.101Z	2026-09-16T05:31:21.677Z
simo_prod	tmp	tmp_bsp_order2_t_order	MANAGED	2024-10-24T11:35:40.812Z	2026-09-13T17:30:06.193Z
simo_prod	tmp	tmp_mifi_order	MANAGED	2024-09-20T11:42:57.079Z	2026-09-09T23:32:17.487Z
simo_prod	tmp	tmp_mifi_subs_order	MANAGED	2024-09-20T11:41:07.108Z	2026-09-10T13:27:08.131Z
simo_prod	tmp	tv_last_month_ts_order	VIEW	2026-09-08T10:10:16.709Z	2026-09-08T10:10:16.709Z
simo_prod	tmp	tv_last_month_ts_order_main	VIEW	2026-09-08T10:10:17.497Z	2026-09-08T10:10:17.497Z
simo_prod	tmp	tv_subs_info	VIEW	2026-09-08T10:10:15.481Z	2026-09-08T10:10:15.481Z
simo_prod	tmp	tv_ts_id_subs_id	VIEW	2026-09-08T10:10:13.046Z	2026-09-08T10:10:13.046Z
simo_prod	tmp	user_behaviors_base_table	MANAGED	2025-08-12T08:21:07.563Z	2026-09-16T05:31:29.550Z
simo_prod	tmp	user_behaviors_base_table2	MANAGED	2025-08-13T02:21:56.573Z	2026-09-16T03:01:47.676Z
simo_prod	tmp	vsim_usage_monitor	MANAGED	2026-03-18T10:35:01.845Z	2026-07-29T23:20:56.288Z
simo_prod	tmp	wing_card_billing202606	MANAGED	2026-07-14T03:11:38.355Z	2026-08-11T20:58:30.187Z
simo_prod	tmp	wing_card_billing_202607	MANAGED	2026-08-12T09:05:43.913Z	2026-09-10T13:27:30.870Z
simo_prod	tmp	wing_extra_partial_charge_202606	MANAGED	2026-07-14T06:22:07.629Z	2026-08-12T05:53:23.482Z
simo_prod	tmp	wing_order_202607	MANAGED	2026-08-12T08:16:11.160Z	2026-09-10T16:27:45.687Z
simo_prod	tmp	wing_revenue_allocation_all	MANAGED	2026-05-20T10:50:30.032Z	2026-08-28T11:00:48.541Z
simo_prod	tmp	wing_revenue_allocation_all_by_order	MANAGED	2026-05-21T07:19:46.256Z	2026-08-27T13:54:16.259Z
simo_prod	upload	vsim_cost_detail_202401	MANAGED	2026-05-12T09:30:02.732Z	2026-08-29T02:53:04.449Z
simo_prod	vsimcore	vsim_strategy	MANAGED	2026-06-29T07:45:24.682Z	2026-06-30T07:59:28.744Z
simo_prod	vsimcore	vsim_strategy_otel_annotations	MANAGED	2026-06-29T08:25:30.036Z	2026-06-30T07:59:28.515Z
simo_prod	vsimcore	vsim_strategy_otel_logs	MANAGED	2026-06-29T08:25:27.730Z	2026-06-30T07:59:28.441Z
simo_prod	vsimcore	vsim_strategy_otel_metrics	MANAGED	2026-06-29T08:25:31.329Z	2026-06-30T07:59:28.705Z
simo_prod	vsimcore	vsim_strategy_otel_spans	MANAGED	2026-06-29T08:25:28.906Z	2026-09-15T02:33:33.389Z
simo_prod	vsimcore	vsim_strategy_trace_metadata	VIEW	2026-06-29T08:25:32.320Z	2026-06-30T07:59:28.517Z
simo_prod	vsimcore	vsim_strategy_trace_unified	VIEW	2026-06-29T08:25:32.140Z	2026-06-30T07:59:28.794Z
